-- MySQL dump 10.15  Distrib 10.0.21-MariaDB, for Linux (x86_64)
--
-- Host: localhost    Database: milymood
-- ------------------------------------------------------
-- Server version	10.1.13-MariaDB

/*!40101 SET @OLD_CHARACTER_SET_CLIENT=@@CHARACTER_SET_CLIENT */;
/*!40101 SET @OLD_CHARACTER_SET_RESULTS=@@CHARACTER_SET_RESULTS */;
/*!40101 SET @OLD_COLLATION_CONNECTION=@@COLLATION_CONNECTION */;
/*!40101 SET NAMES utf8 */;
/*!40103 SET @OLD_TIME_ZONE=@@TIME_ZONE */;
/*!40103 SET TIME_ZONE='+00:00' */;
/*!40014 SET @OLD_UNIQUE_CHECKS=@@UNIQUE_CHECKS, UNIQUE_CHECKS=0 */;
/*!40014 SET @OLD_FOREIGN_KEY_CHECKS=@@FOREIGN_KEY_CHECKS, FOREIGN_KEY_CHECKS=0 */;
/*!40101 SET @OLD_SQL_MODE=@@SQL_MODE, SQL_MODE='NO_AUTO_VALUE_ON_ZERO' */;
/*!40111 SET @OLD_SQL_NOTES=@@SQL_NOTES, SQL_NOTES=0 */;

--
-- Table structure for table `ADMIN`
--

DROP TABLE IF EXISTS `ADMIN`;
/*!40101 SET @saved_cs_client     = @@character_set_client */;
/*!40101 SET character_set_client = utf8 */;
CREATE TABLE `ADMIN` (
  `Id` varchar(20) NOT NULL,
  `Pw` varchar(100) NOT NULL,
  PRIMARY KEY (`Id`)
) ENGINE=InnoDB DEFAULT CHARSET=utf8;
/*!40101 SET character_set_client = @saved_cs_client */;

--
-- Dumping data for table `ADMIN`
--

LOCK TABLES `ADMIN` WRITE;
/*!40000 ALTER TABLE `ADMIN` DISABLE KEYS */;
INSERT INTO `ADMIN` VALUES ('admin','21232f297a57a5a743894a0e4a801fc3');
/*!40000 ALTER TABLE `ADMIN` ENABLE KEYS */;
UNLOCK TABLES;

--
-- Table structure for table `COMMENT`
--

DROP TABLE IF EXISTS `COMMENT`;
/*!40101 SET @saved_cs_client     = @@character_set_client */;
/*!40101 SET character_set_client = utf8 */;
CREATE TABLE `COMMENT` (
  `BoardName` varchar(20) DEFAULT NULL,
  `Id` int(11) DEFAULT NULL,
  `ReviewId` varchar(20) DEFAULT NULL,
  `UserId` int(11) DEFAULT NULL,
  `Comment` varchar(500) DEFAULT NULL
) ENGINE=InnoDB DEFAULT CHARSET=utf8;
/*!40101 SET character_set_client = @saved_cs_client */;

--
-- Dumping data for table `COMMENT`
--

LOCK TABLES `COMMENT` WRITE;
/*!40000 ALTER TABLE `COMMENT` DISABLE KEYS */;
/*!40000 ALTER TABLE `COMMENT` ENABLE KEYS */;
UNLOCK TABLES;

--
-- Table structure for table `HEART`
--

DROP TABLE IF EXISTS `HEART`;
/*!40101 SET @saved_cs_client     = @@character_set_client */;
/*!40101 SET character_set_client = utf8 */;
CREATE TABLE `HEART` (
  `Id` int(11) NOT NULL AUTO_INCREMENT,
  `ReviewId` varchar(20) DEFAULT NULL,
  `UserId` int(11) DEFAULT NULL,
  PRIMARY KEY (`Id`)
) ENGINE=InnoDB AUTO_INCREMENT=50 DEFAULT CHARSET=utf8;
/*!40101 SET character_set_client = @saved_cs_client */;

--
-- Dumping data for table `HEART`
--

LOCK TABLES `HEART` WRITE;
/*!40000 ALTER TABLE `HEART` DISABLE KEYS */;
INSERT INTO `HEART` VALUES (31,'1120194393',5),(45,'5412887424',4),(46,'8844443441',4),(49,'8844443441',5);
/*!40000 ALTER TABLE `HEART` ENABLE KEYS */;
UNLOCK TABLES;

--
-- Table structure for table `IMG`
--

DROP TABLE IF EXISTS `IMG`;
/*!40101 SET @saved_cs_client     = @@character_set_client */;
/*!40101 SET character_set_client = utf8 */;
CREATE TABLE `IMG` (
  `Page` varchar(50) NOT NULL,
  `Id` int(11) NOT NULL AUTO_INCREMENT,
  `Next` int(11) DEFAULT NULL,
  `Class` varchar(100) DEFAULT NULL,
  `ImgPath` varchar(500) DEFAULT NULL,
  `URI` varchar(500) DEFAULT NULL,
  PRIMARY KEY (`Id`,`Page`)
) ENGINE=InnoDB AUTO_INCREMENT=42 DEFAULT CHARSET=utf8;
/*!40101 SET character_set_client = @saved_cs_client */;

--
-- Dumping data for table `IMG`
--

LOCK TABLES `IMG` WRITE;
/*!40000 ALTER TABLE `IMG` DISABLE KEYS */;
INSERT INTO `IMG` VALUES ('cal.jsp',1,NULL,NULL,'img/pyungdesc.png',''),('finish.jsp',1,NULL,NULL,'img/A95A550A-4D69-4529-92A6-4EE86FB26347.png',NULL),('index.jsp',1,2,NULL,'img/copycopy.png','sample_request.jsp'),('index1.jsp',1,NULL,NULL,'img/angel_1.png',NULL),('lounge.jsp',1,NULL,NULL,'img/51D8A81D-84E1-4B32-806E-73F8AC5BF0B81.png',NULL),('nabi.jsp',1,NULL,NULL,'img/calculate1.png',NULL),('pyung.jsp',1,NULL,NULL,'img/pyungdesc.png',NULL),('sample_collect.jsp',1,NULL,NULL,'img/collect_img1.jpg',NULL),('sample_request.jsp',1,NULL,NULL,'img/894B0719-431B-49D5-861A-2A57E83BBF53.png',NULL),('story.jsp',1,NULL,NULL,'img/4CD10FDC-B249-444B-8A7F-F2A9B6E0ADB0.jpeg',NULL),('cal2.jsp',2,NULL,NULL,NULL,NULL),('index.jsp',2,3,'modifiable','img/angel_2.png','sample_request.jsp'),('sample_collect.jsp',2,NULL,NULL,'img/collect_img2.jpg',NULL),('img/calculate.png',3,NULL,NULL,NULL,NULL),('index.jsp',3,4,'modifiable','img/angel_1.png','sample_request.jsp'),('sample_collect.jsp',3,NULL,NULL,'img/collect_img3.jpg',NULL),('index.jsp',4,5,'modifiable','img/angel_4.png','https://m.smartstore.naver.com/milymood'),('sample_collect.jsp',4,NULL,NULL,'img/collect_img4.jpg',NULL),('index.jsp',5,NULL,'modifiable','img/angel_5.png','https://m.smartstore.naver.com/milymood'),('sample_collect.jsp',5,NULL,NULL,'img/collect_img5.jpg',NULL),('travel_request.jsp',6,NULL,NULL,'img/bathroom1.png',NULL),('travel_request.jsp',7,NULL,NULL,'img/bathroom2.png',NULL),('travel_request.jsp',8,NULL,NULL,'img/bathroom3.png',NULL),('travel_request.jsp',9,NULL,NULL,'img/bathroom4.png',NULL),('travel_request.jsp',10,NULL,NULL,'img/bedroom1.png',NULL),('travel_request.jsp',11,NULL,NULL,'img/bedroom2.png',NULL),('travel_request.jsp',12,NULL,NULL,'img/bedroom3.png',NULL),('travel_request.jsp',13,NULL,NULL,'img/bedroom4.png',NULL),('travel_request.jsp',14,NULL,NULL,'img/entrance1.png',NULL),('travel_request.jsp',15,NULL,NULL,'img/entrance2.png',NULL),('travel_request.jsp',16,NULL,NULL,'img/entrance3.png',NULL),('travel_request.jsp',17,NULL,NULL,'img/entrance4.png',NULL),('travel_request.jsp',18,NULL,NULL,'img/kitchen1.png',NULL),('travel_request.jsp',19,NULL,NULL,'img/kitchen2.png',NULL),('travel_request.jsp',20,NULL,NULL,'img/kitchen3.png',NULL),('travel_request.jsp',21,NULL,NULL,'img/kitchen4.png',NULL),('travel_request.jsp',22,NULL,NULL,'img/livingroom1.png',NULL),('travel_request.jsp',23,NULL,NULL,'img/livingroom2.png',NULL),('travel_request.jsp',24,NULL,NULL,'img/livingroom3.png',NULL),('travel_request.jsp',25,NULL,NULL,'img/livingroom4.png',NULL),('travel_request.jsp',26,NULL,NULL,'img/travel.jpg',NULL);
/*!40000 ALTER TABLE `IMG` ENABLE KEYS */;
UNLOCK TABLES;

--
-- Table structure for table `ITEM`
--

DROP TABLE IF EXISTS `ITEM`;
/*!40101 SET @saved_cs_client     = @@character_set_client */;
/*!40101 SET character_set_client = utf8 */;
CREATE TABLE `ITEM` (
  `Id` varchar(20) NOT NULL,
  `Name` varchar(50) DEFAULT NULL,
  `Detail` varchar(200) DEFAULT NULL,
  `Image` varchar(500) DEFAULT NULL,
  `Image2` varchar(500) DEFAULT NULL,
  `Image3` varchar(500) DEFAULT NULL,
  `Image4` varchar(500) DEFAULT NULL,
  `Image5` varchar(500) DEFAULT NULL,
  `Image6` varchar(500) DEFAULT NULL,
  `Image7` varchar(500) DEFAULT NULL,
  `Image8` varchar(500) DEFAULT NULL,
  `Image9` varchar(500) DEFAULT NULL,
  `Image10` varchar(500) DEFAULT NULL,
  `ImgPath` varchar(500) DEFAULT NULL,
  `SAMPLE_REQUEST_LIST` varchar(500) DEFAULT NULL,
  `USER` varchar(500) DEFAULT NULL,
  `Class` varchar(500) DEFAULT NULL,
  `Sid` varchar(500) DEFAULT NULL,
  `Price` varchar(500) DEFAULT NULL,
  `URL` varchar(500) DEFAULT NULL,
  `Attr` varchar(50) DEFAULT NULL,
  `Date` date DEFAULT NULL,
  PRIMARY KEY (`Id`)
) ENGINE=InnoDB DEFAULT CHARSET=utf8;
/*!40101 SET character_set_client = @saved_cs_client */;

--
-- Dumping data for table `ITEM`
--

LOCK TABLES `ITEM` WRITE;
/*!40000 ALTER TABLE `ITEM` DISABLE KEYS */;
INSERT INTO `ITEM` VALUES ('1120194393','null','밀리무드 암막커튼','img/F4B02D6F-CAF5-4A52-A73E-39E5B1514D92.jpeg','img/null','img/null','img/null','img/null','img/null','img/null','img/null','img/null','img/null','sample_collect.jsp',NULL,'1',NULL,NULL,'null','null','living','2020-05-26'),('5412887424','이름','자세한정보 주절주절','img/1.png','img/2.png','img/3.png','img/4.png',NULL,NULL,NULL,NULL,NULL,NULL,'sample_collect.jsp',NULL,'31',NULL,NULL,NULL,NULL,'bed',NULL),('8844443441','null','밀리무드 차렵이불','img/85FB9F14-DE74-4136-B6DF-37C0C02B8244.jpeg','img/D336C089-81EA-445C-AC07-B15A44A5E630.jpeg','img/null','img/null','img/null','img/null','img/null','img/null','img/null','img/null','sample_collect.jsp',NULL,'1',NULL,NULL,'null','null','living','2020-05-27');
/*!40000 ALTER TABLE `ITEM` ENABLE KEYS */;
UNLOCK TABLES;

--
-- Table structure for table `ITEM_TAG`
--

DROP TABLE IF EXISTS `ITEM_TAG`;
/*!40101 SET @saved_cs_client     = @@character_set_client */;
/*!40101 SET character_set_client = utf8 */;
CREATE TABLE `ITEM_TAG` (
  `Id` int(11) NOT NULL AUTO_INCREMENT,
  `Item_id` varchar(20) DEFAULT NULL,
  `Name` varchar(50) DEFAULT NULL,
  PRIMARY KEY (`Id`)
) ENGINE=InnoDB AUTO_INCREMENT=80 DEFAULT CHARSET=utf8;
/*!40101 SET character_set_client = @saved_cs_client */;

--
-- Dumping data for table `ITEM_TAG`
--

LOCK TABLES `ITEM_TAG` WRITE;
/*!40000 ALTER TABLE `ITEM_TAG` DISABLE KEYS */;
INSERT INTO `ITEM_TAG` VALUES (1,'2','2'),(20,'9998696270','주방'),(21,'9998696270',' 인테리어'),(22,'0868915379','리모델링'),(23,'0868915379','거실'),(24,'0868915379','아늑한'),(25,'0868915379','따뜻한'),(26,'1698064630','카페'),(27,'1698064630','인테리어'),(28,'1698064630','거실'),(29,'8177857553','나비주름커튼'),(30,'8177857553','커튼'),(31,'8177857553','분위기'),(32,'8177857553','밀리무드'),(33,'2814270842','침실'),(34,'2814270842','리모델링'),(35,'9546938208','화장실'),(36,'9603402803',''),(37,'3367726626','거실'),(38,'3367726626','인테리어'),(39,'3367726626','리모델링'),(40,'3850138979','거실'),(41,'3850138979','주방'),(42,'3850138979','화장실'),(43,'3850138979','인테리어'),(44,'8839891199','테스트'),(45,'8839891199','거실'),(46,'8839891199','침실'),(47,'2301880310',''),(48,'5063810447','강아지'),(49,'5063810447','개'),(50,'5063810447','애완동물'),(51,'5520657624','멍멍이'),(52,'5520657624','댕댕이'),(53,'5520657624','애완동물'),(54,'4455645325','강아지'),(55,'4455645325','개'),(56,'4455645325','애완동물'),(57,'9952742895','멍멍이'),(58,'9952742895','댕댕이'),(59,'9952742895','애완동물'),(60,'8515291481',''),(61,'6229538068','멍멍이'),(62,'6229538068','댕댕이'),(63,'6229538068','애완동물'),(64,'9211616256','강아지'),(65,'9211616256','개'),(66,'9211616256','애완동물'),(67,'6103616876','화장실'),(68,'6355786801',''),(69,'4309654185','떡볶이'),(70,'2108976399',''),(71,'6543963012',''),(72,'8239828577',''),(73,'2275163209',''),(74,'4327183909',''),(75,'1120194393','암막커튼'),(76,'0028429754',''),(77,'8844443441',''),(78,'2959372814','암막커튼'),(79,'1629887652','');
/*!40000 ALTER TABLE `ITEM_TAG` ENABLE KEYS */;
UNLOCK TABLES;

--
-- Table structure for table `PLUS`
--

DROP TABLE IF EXISTS `PLUS`;
/*!40101 SET @saved_cs_client     = @@character_set_client */;
/*!40101 SET character_set_client = utf8 */;
CREATE TABLE `PLUS` (
  `Id` int(11) DEFAULT NULL,
  `Item_id` varchar(100) DEFAULT NULL,
  `Review_id` varchar(100) DEFAULT NULL,
  `X_pos` int(11) DEFAULT NULL,
  `Y_pos` int(11) DEFAULT NULL,
  `Name` varchar(100) DEFAULT NULL,
  `Description` varchar(1000) DEFAULT NULL,
  `URI` varchar(500) DEFAULT NULL,
  `Price` int(11) DEFAULT NULL
) ENGINE=InnoDB DEFAULT CHARSET=utf8;
/*!40101 SET character_set_client = @saved_cs_client */;

--
-- Dumping data for table `PLUS`
--

LOCK TABLES `PLUS` WRITE;
/*!40000 ALTER TABLE `PLUS` DISABLE KEYS */;
INSERT INTO `PLUS` VALUES (2,NULL,'2301880310',NULL,NULL,'포근 체크이불',NULL,'https://m.naver.com',70000),(1,NULL,'2301880310',NULL,NULL,'폭신 체크베개',NULL,'https://m.naver.com',20000);
/*!40000 ALTER TABLE `PLUS` ENABLE KEYS */;
UNLOCK TABLES;

--
-- Table structure for table `POINT_HISTORY`
--

DROP TABLE IF EXISTS `POINT_HISTORY`;
/*!40101 SET @saved_cs_client     = @@character_set_client */;
/*!40101 SET character_set_client = utf8 */;
CREATE TABLE `POINT_HISTORY` (
  `Number` int(11) NOT NULL AUTO_INCREMENT,
  `Id` int(11) DEFAULT NULL,
  `Changes` varchar(20) DEFAULT NULL,
  `Reason` varchar(500) DEFAULT NULL,
  `Date` date DEFAULT NULL,
  PRIMARY KEY (`Number`)
) ENGINE=InnoDB AUTO_INCREMENT=6 DEFAULT CHARSET=utf8;
/*!40101 SET character_set_client = @saved_cs_client */;

--
-- Dumping data for table `POINT_HISTORY`
--

LOCK TABLES `POINT_HISTORY` WRITE;
/*!40000 ALTER TABLE `POINT_HISTORY` DISABLE KEYS */;
INSERT INTO `POINT_HISTORY` VALUES (1,0,'100','쿠팡물건구매','2020-05-20'),(2,5,'null','짱나서','2020-05-20'),(3,5,'20','','2020-05-20'),(4,5,'50','그냥 80점 만들어주고싶어서','2020-05-20'),(5,5,'-10','그냥 빼볼라고','2020-05-20');
/*!40000 ALTER TABLE `POINT_HISTORY` ENABLE KEYS */;
UNLOCK TABLES;

--
-- Table structure for table `POINT_REQUEST_LIST`
--

DROP TABLE IF EXISTS `POINT_REQUEST_LIST`;
/*!40101 SET @saved_cs_client     = @@character_set_client */;
/*!40101 SET character_set_client = utf8 */;
CREATE TABLE `POINT_REQUEST_LIST` (
  `Id` int(11) DEFAULT NULL,
  `Number` int(11) NOT NULL AUTO_INCREMENT,
  `Photo` varchar(100) DEFAULT NULL,
  `Name` varchar(100) DEFAULT NULL,
  `Phone` varchar(20) DEFAULT NULL,
  `Items` varchar(500) DEFAULT NULL,
  `State` int(11) DEFAULT '0',
  `Reason` varchar(500) DEFAULT NULL,
  `Purchase` varchar(100) DEFAULT NULL,
  `Ordernum` varchar(300) DEFAULT NULL,
  PRIMARY KEY (`Number`)
) ENGINE=InnoDB AUTO_INCREMENT=18 DEFAULT CHARSET=utf8;
/*!40101 SET character_set_client = @saved_cs_client */;

--
-- Dumping data for table `POINT_REQUEST_LIST`
--

LOCK TABLES `POINT_REQUEST_LIST` WRITE;
/*!40000 ALTER TABLE `POINT_REQUEST_LIST` DISABLE KEYS */;
INSERT INTO `POINT_REQUEST_LIST` VALUES (0,1,NULL,'이예지','1111','루만커튼',3,NULL,NULL,NULL),(1,13,'img/null','','','',0,NULL,NULL,NULL),(5,14,NULL,'이예진','01072979949',NULL,2,'',NULL,NULL),(5,15,NULL,'강아지','9989',NULL,2,'','auction','656126'),(0,16,NULL,'예진','01058751569',NULL,2,NULL,'coupang','898742'),(1,17,NULL,'길영민','01064272777',NULL,0,NULL,'naver','202020220020202');
/*!40000 ALTER TABLE `POINT_REQUEST_LIST` ENABLE KEYS */;
UNLOCK TABLES;

--
-- Table structure for table `REMODELING`
--

DROP TABLE IF EXISTS `REMODELING`;
/*!40101 SET @saved_cs_client     = @@character_set_client */;
/*!40101 SET character_set_client = utf8 */;
CREATE TABLE `REMODELING` (
  `Number` int(11) DEFAULT NULL,
  `Id` int(11) DEFAULT NULL,
  `Title` varchar(50) DEFAULT NULL,
  `Write_date` date DEFAULT NULL,
  `Company` varchar(30) DEFAULT NULL,
  `Fee` varchar(15) DEFAULT NULL,
  `Address` varchar(100) DEFAULT NULL,
  `Apart_name` varchar(50) DEFAULT NULL,
  `Building` varchar(30) DEFAULT NULL,
  `Xpos` varchar(20) DEFAULT NULL,
  `Ypos` varchar(20) DEFAULT NULL,
  `Etc` varchar(300) DEFAULT NULL,
  `Content` varchar(500) DEFAULT NULL
) ENGINE=InnoDB DEFAULT CHARSET=utf8;
/*!40101 SET character_set_client = @saved_cs_client */;

--
-- Dumping data for table `REMODELING`
--

LOCK TABLES `REMODELING` WRITE;
/*!40000 ALTER TABLE `REMODELING` DISABLE KEYS */;
INSERT INTO `REMODELING` VALUES (1,0,'리모델링 했어요','2020-05-29','시공사이름','5000000','대구광역시 달성군 다사읍 달구벌대로 790','강창1차삼산타운','101','1086527.4831854715','1763281.1181529697','특이사항 없음','처음으로 이사하고 리모델링 해봤어요 시공사에서 친절하게 잘 해줘서 좋았습니다');
/*!40000 ALTER TABLE `REMODELING` ENABLE KEYS */;
UNLOCK TABLES;

--
-- Table structure for table `REVIEW`
--

DROP TABLE IF EXISTS `REVIEW`;
/*!40101 SET @saved_cs_client     = @@character_set_client */;
/*!40101 SET character_set_client = utf8 */;
CREATE TABLE `REVIEW` (
  `Id` varchar(20) NOT NULL,
  `Name` varchar(50) DEFAULT NULL,
  `Detail` varchar(200) DEFAULT NULL,
  `Image` varchar(500) DEFAULT NULL,
  `Image2` varchar(500) DEFAULT NULL,
  `Image3` varchar(500) DEFAULT NULL,
  `ImgPath` varchar(500) DEFAULT NULL,
  `SAMPLE_REQUEST_LIST` varchar(500) DEFAULT NULL,
  `USER` varchar(500) DEFAULT NULL,
  `Class` varchar(500) DEFAULT NULL,
  `Sid` varchar(500) DEFAULT NULL,
  `Price` varchar(500) DEFAULT NULL,
  `URL` varchar(500) DEFAULT NULL,
  `Attr` varchar(50) DEFAULT NULL,
  `Date` date DEFAULT NULL
) ENGINE=InnoDB DEFAULT CHARSET=utf8;
/*!40101 SET character_set_client = @saved_cs_client */;

--
-- Dumping data for table `REVIEW`
--

LOCK TABLES `REVIEW` WRITE;
/*!40000 ALTER TABLE `REVIEW` DISABLE KEYS */;
INSERT INTO `REVIEW` VALUES ('2301880310','',NULL,'img/A7C79267-903E-4C65-AED9-753CB2915663.jpeg','img/null','img/null','sample_collect.jsp',NULL,'31',NULL,NULL,'','','bed','2020-03-27');
/*!40000 ALTER TABLE `REVIEW` ENABLE KEYS */;
UNLOCK TABLES;

--
-- Table structure for table `RMDL_IMG`
--

DROP TABLE IF EXISTS `RMDL_IMG`;
/*!40101 SET @saved_cs_client     = @@character_set_client */;
/*!40101 SET character_set_client = utf8 */;
CREATE TABLE `RMDL_IMG` (
  `Number` int(11) DEFAULT NULL,
  `Number2` int(11) DEFAULT NULL,
  `Path` varchar(100) DEFAULT NULL
) ENGINE=InnoDB DEFAULT CHARSET=utf8;
/*!40101 SET character_set_client = @saved_cs_client */;

--
-- Dumping data for table `RMDL_IMG`
--

LOCK TABLES `RMDL_IMG` WRITE;
/*!40000 ALTER TABLE `RMDL_IMG` DISABLE KEYS */;
INSERT INTO `RMDL_IMG` VALUES (1,0,'firstremodeling.png'),(1,1,'secondremodeling.png'),(1,2,'thirdremodeling.png');
/*!40000 ALTER TABLE `RMDL_IMG` ENABLE KEYS */;
UNLOCK TABLES;

--
-- Table structure for table `SAMPLE_REQUEST_LIST`
--

DROP TABLE IF EXISTS `SAMPLE_REQUEST_LIST`;
/*!40101 SET @saved_cs_client     = @@character_set_client */;
/*!40101 SET character_set_client = utf8 */;
CREATE TABLE `SAMPLE_REQUEST_LIST` (
  `Order_num` int(11) NOT NULL AUTO_INCREMENT,
  `Name` varchar(20) NOT NULL,
  `Address` varchar(200) NOT NULL,
  `Mobile` varchar(14) NOT NULL,
  `Order_date` date DEFAULT NULL,
  `State` int(11) DEFAULT '0',
  `Type` int(11) DEFAULT '1',
  PRIMARY KEY (`Order_num`)
) ENGINE=InnoDB AUTO_INCREMENT=879 DEFAULT CHARSET=utf8;
/*!40101 SET character_set_client = @saved_cs_client */;

--
-- Dumping data for table `SAMPLE_REQUEST_LIST`
--

LOCK TABLES `SAMPLE_REQUEST_LIST` WRITE;
/*!40000 ALTER TABLE `SAMPLE_REQUEST_LIST` DISABLE KEYS */;
INSERT INTO `SAMPLE_REQUEST_LIST` VALUES (2,'김지수','테스트입니다','010-0000-3533','2019-05-01',1,1),(3,'최혜진','테스트입니다','010-3625-8847','2019-05-01',1,1),(4,'김희선','테스트입니다','010-3688-7251','2019-05-01',2,1),(5,'이나라','울산 울주군 언양읍 북문8길 17, 103동 904호 언양동부주공아파트 ','010-4192-1461','2019-05-02',1,1),(6,'최주경','대전 서구 대덕대로 150 큰마을아파트 109-402','010-3434-3529','2019-05-02',1,1),(7,'나영주','서울 종로구 세종대로 149 12층 기획관리팀','010-2042-5105','2019-05-07',1,1),(8,'박윤미','경기도 여주시 여주남로61 두풍아파트 102동 1103휴','010-8890-5813','2019-05-09',2,1),(9,'설승은','강원도 동해시 청운1길 29 31-504','010-3343-3504','2019-05-10',2,1),(10,'강민선','경남 양산시 물금읍 서들1길 32-5  1층','010-5763-3463','2019-05-13',1,1),(11,'조선미','인천시 남동구 간석동 939-1.간석래미안자이 115동 702호','010-4265-4841','2019-05-13',2,1),(12,'진은정','울산광역시 북구 염포로459 양정힐스테이트 106동 903호','010-4061-4846','2019-05-13',1,1),(14,'문휘영','경남 창원시 의창구 북면 감계로 259  힐스테이트 3차  306동 803호','010-7116-8783','2019-05-17',1,1),(15,'김도형','전남여수시여서동금호아파트9동302호','010-9100-2548','2019-05-18',1,1),(16,'성지연','충남 천안시 서북구 백석동 백석현대아파트 106동 905호','010-6450-6583','2019-05-19',2,1),(17,'이은주','진주시 정촌면 삼일로 13, 105동 905호','010-6557-6943','2019-05-20',1,1),(18,'강태원','서울 양천구 목동동로 130 목동신시가지 14단지아파트 1433동 506호','010-3440-0148','2019-05-20',1,1),(19,'이은주','진주시 정촌면 삼일로 13 105동 905호','010-6557-6946','2019-05-20',1,1),(20,'권유리','서울시 중랑구 봉화산로 4, 303호','010-4858-8968','2019-05-21',2,1),(21,'성민재','인천 중구 은하수로 229,한신더휴스카이파크아파트 103동305호','010-4628-2240','2019-05-21',1,1),(22,'윤혜경','경기도 부천시 길주로 237 부천메디컬센터 1층 사랑찬','010-8758-7778','2019-05-22',1,1),(23,'오승현','울산 울주군 삼남면 울산역로 274 동문굿모닝힐 102동 201호','010-6732-0108','2019-05-25',2,1),(24,'박다영','서울시 관악구 은천로15길 24 벽산블루밍3차 604동 502호 ','010-8484-9717','2019-05-25',1,1),(25,'한송이','경남창원시 진해구 신항동로136 부영아파트809동2604호 ','010-4876-8531','2019-05-27',1,1),(26,'이제인','서울 노원구 상계1동 은빛2단지 208동 1410호','010-8535-2434','2019-05-27',1,1),(27,'한경란','서울시 강남구 역삼로 306 개나리래미안 102-1403','010-4531-3836','2019-05-27',2,1),(28,'강인숙','인천광역시 중구 은하수로351우미린1단지832동 202호','010-2326-4125','2019-06-02',2,1),(29,'허유미','충남 부여군 부여읍 성왕로 328번길 18-7, 103동 303호','010-2566-5869','2019-06-03',2,1),(30,'유주수','경기도 안양시 만안구 안양천서로 177, 209동1205호 (안양래미안메가트리아₩','010-4319-2204','2019-06-03',2,1),(31,'문은영','광주광역시 북구 중가로 91-9','010-2643-4353','2019-06-06',1,1),(32,'박소정','부산광역시 강서구 명지국제7로 110 114동 1602호(명지동, 더에듀팰리스부영)','010-4228-2429','2019-06-06',1,1),(33,'정소영','서울시 송파구 양재대로 72길 15 현대백조아파트 101동 1608호','010-2305-0101','2019-06-06',2,1),(34,'최은지','경기도 화성시 영통로61번길 10 109동 1303호','010-4160-3302','2019-06-06',2,1),(35,'윤경희','서울시 마포구 양화로10길 54 DNS빌딩 1층 마음제곱미터','010-9248-4804','2019-06-07',2,1),(36,'수진','경기 화성시 봉담읍 와우리 봉담아이파크 103동 1201호','010-3135-3339','2019-06-08',1,1),(37,'박현주','충북 제천시 청풍호로10길16  301동1103호','010-5222-6536','2019-06-10',1,1),(38,'홍아인','서울특별시 영등포구 당산동4가 1-159 레드브릭37 703호','010-6316-9025','2019-06-10',1,1),(39,'윤지희','수원시 권선구 호매실로218번길 22 1411동 301호','010-2962-6623','2019-06-10',1,1),(40,'최봉규','경기도 수원시 광교호수공원로45 호반베르디움 1009동 3002호','010-4019-6585','2019-06-10',1,1),(41,'이광수','울산 북구 화산로 104, 103동 902호(송정동, 반도유보라)','010-6899-9232','2019-06-12',1,1),(42,'신민경','경기도 김포시 김포한강2로 229 510동1506호','010-8980-1901','2019-06-12',1,1),(43,'김지수','세종시 반곡1길 9 수루배마을2단지 206동 304호','010-5278-1445','2019-06-13',1,1),(44,'서예연','경기도 수원시 영통구 덕영대로 1410 영통아이파크캐슬1단지 106동 404호 ','010-8778-8697','2019-06-15',1,1),(45,'김현경','용인시수지구 동천동 손곡로 67 305동 205호','011-284-7673','2019-06-15',1,1),(46,'이민규','서울 영등포구 양산로25길8(당산계룡리슈빌아파트2단지) 102동 306호','010-8987-5822','2019-06-17',1,1),(47,'노내현','안산시 단원구 화정천서로161 그린빌1114동104호','010-9908-9846','2019-06-17',1,1),(48,'김가영','부산광역시 금정구 식물원로 49 온천장해피투모로우 101동 1301호','010-3661-6970','2019-06-17',1,1),(49,'허진','부산시 기장군 정관읍 정관5로 12 동원2차 202동1805 ','010-2044-6905','2019-06-18',1,1),(50,'최윤난','경기도 성남시 분당구 수내로 74 양지금호 116-204','010-6268-1011','2019-06-20',1,1),(51,'김광미','경기도 안양시 동안구 비산동 미륭아파트 2동 110호','010-4731-5958','2019-06-21',1,1),(52,'장학미','인천광역시 남동구 고잔동 663-12 동양다이캐스팅 ','010-9088-0027','2019-06-21',1,1),(53,'김샘플','대구','010-3505-1111','2019-06-22',1,1),(54,'채지연ㅔ','전북 전주시 완산구 구이로 2094 그린1차 108동 1306호','010-9424-2307','2019-06-23',2,1),(55,'김지혜','경기도 화성시 동탄순환대로 20길 31, 2108동 1204호','010-8645-8024','2019-06-24',2,1),(56,'강미연','경남 창원시 의창구 북면 무동서로 76 111동 1604호 (창원무동 STXKAN 1차 아파트)','010-9235-1507','2019-06-24',1,1),(57,'김지희','서울 양천구 신정로 7길 75 이든채아파트 103동 1207호','010-2560-3349','2019-06-25',1,1),(58,'장학미','인천광역시 남동구 고잔동 663-12 동양다이캐스팅 ','010-9088-0027','2019-06-26',1,1),(59,'박지혜','경기도 고양시 일산동구 장항동 848-1 현대타운빌 401호','010-2969-1619','2019-06-26',1,1),(60,'이혜림','대구 달서구 조암로 6길 20    106동404호(월성푸르지오)','010-7736-7731','2019-06-27',1,1),(61,'김유경','화성시 동탄순환대로1길64 레이크자이더테라스2717동T104호','010-9270-4281','2019-06-29',1,1),(62,'최진영','서울시 동대문구 휘경로60  sk뷰아파트 106동 403호','010-3127-6555','2019-06-29',1,1),(63,'김미숙','경기 부천시 상일로 140 상동대우마이빌 829호','010-6479-3650','2019-06-30',1,1),(64,'최성은','부산시 금정구 식물원로 9번길 25 드림아트온 802호','010-9600-1109','2019-06-30',1,1),(65,'박선영','인천시 서구 크리스탈로 148, 청라한화꿈에그린 373동 1004호','010-8989-2816','2019-07-01',1,1),(66,'김희영','충북 진천군 덕산면 연미로87 408동201호','010-7709-0980','2019-07-01',2,1),(67,'박성탄','전남 화순군 동헌길 12 한국기술개발','010-9988-1510','2019-07-01',1,1),(68,'김나윤','서울시 강서구 우현로 67 강서힐스테이트 137-401호','010-4502-9620','2019-07-01',1,1),(69,'이수미','대구광역시 달서구 조암로6길20, 101동 2703호(월성푸르지오)','010-7302-7220','2019-07-02',2,1),(70,'김민정','충북 청주시 상당구 용담동 우미린에듀파크 208동 202호','010-3385-6750','2019-07-02',1,1),(71,'정민지','강원도 화천군 상서면 영서로 7771 아름드리아파트 201동 801호','010-8860-0281','2019-07-04',1,1),(72,'김지원','서울 관악구 인헌9길 11-8 C동 301호','010-3239-2836','2019-07-04',1,1),(73,'조은서','경기도 부천시 원미구 중동 하나빌딩 6층 안나앤블루','010-8336-5453','2019-07-04',2,1),(74,'배민지','경남 양산시 물금읍 새실로 11 대방노블랜드7차 707동1702호','010-3204-9348','2019-07-05',2,1),(75,'양나연','인천 연수구 원인재로 88 대우삼환 114동 804호','010-4667-9692','2019-07-05',1,1),(77,'박서연','세종특별자치시  고운동 1396 가락마을20단지','010-9091-7113','2019-07-05',1,1),(78,'김진영','서울시 송파구 석촌동 54-4, 승우빌 202호','010-7451-0323','2019-07-05',1,1),(79,'김유경','부산광역시 북구 효열로 135 동원역삼정그린코아 104동 2703호','010-4571-7758','2019-07-07',1,1),(80,'안경진','수원시영통구 이의동 1305-3 302호','010-6325-0823','2019-07-07',2,1),(81,'이연진','경남 진주시 정촌면 예하리 대경파미르 121동 1804호','010-3037-2332','2019-07-07',1,1),(82,'박회진','경남 진주시 새평거로30 엠코타운더프라하 109동 3004호','010-9201-7773','2019-07-08',2,1),(83,'신명준','서울시 용산구 한남대로28길 18, 화이트빌 204호','010-9155-0596','2019-07-09',1,1),(84,'양찬희','인천시 중구 큰우물로21(용동) 동인천길병원 3층 행정실','010-2637-4432','2019-07-09',1,1),(85,'은수민','대구광역시 중구 달구벌대로447길 77 101동 602호','010-4717-8829','2019-07-09',1,1),(86,'전승화','세종특별자치시 남세종로 302, 617동 804호 (새샘마을 6단지)','010-8251-0611','2019-07-11',1,1),(87,'박민지','광주광역시 북구 필문대로 95. 광주탑정형외과1층 방사선실','010-9836-1677','2019-07-12',1,1),(88,'오미경','경기도 부천시 부광로41번길 91 3층 302호','010-9314-8385','2019-07-13',1,1),(89,'서유경','경기도 성남시 위례동로 자연앤 래미안 5606-402','010-2858-5813','2019-07-14',1,1),(90,'윤다영','울산광역시 남구 무거동 1005 ','010-8963-7319','2019-07-14',1,1),(91,'김아윤','경기도 군포시 당동 881-4, 202호','010-7703-4697','2019-07-16',1,1),(92,'남지성','서울 성북구 장월로 1길 28 동아에코빌아파트 114동 2203호 ','010-3821-9704','2019-07-18',1,1),(93,'김은','전주시 덕진구 호성2길 16, 102동106호','010-8701-6850','2019-07-19',1,1),(94,'노문희','충남 천안시 동남구 신방동 276-2  문카페','010-5456-0895','2019-07-19',1,1),(95,'윤지은','서울 송파구 올림픽로525현대아파트101-1208','010-4590-7420','2019-07-20',1,1),(96,'맹진영','제주시 한경면 청수리 1-1','010-4916-3213','2019-07-20',2,1),(97,'조미형','부산 북구 함박봉로140번길16 상록한신휴플러스아파트201동405호','010-5362-5436','2019-07-21',1,1),(98,'한정미','동작구 사당동1140 삼성아파트 101/1103','010-3117-7706','2019-07-22',1,1),(99,'이지은','서울시 관악구 청룡10길 45 서울대입구 이편한세상1단지 104동 1303호','010-2758-2285','2019-07-23',1,1),(100,'김지현','경기도 수원시 덕영대로 1410 아이파크캐슬 1단지 113동 1703호','010-4078-3379','2019-07-23',1,1),(101,'권은주','서울특별시 도봉구 해등로 50 주공아파트 3단지 318동 1407호','010-9540-5408','2019-07-24',1,1),(102,'김성은','경기도 안산시 단원구 원선1로 10 초지역메이저타운 푸르지오 에코단지 E104동 3405호','010-3533-8846','2019-07-24',1,1),(103,'정지연','경기 파주시 문산읍 독서울1길 24 (선유리, 주공아파트)102-404','010-6221-4685','2019-07-25',1,1),(104,'문수연','부산금정구 남산동 팔송로 18번길 16 남산하이츠13차 401호','010-4411-5655','2019-07-25',1,1),(105,'김자영','강원도 강릉시 공항길 180 공군@103동101호','010-5438-3975','2019-07-26',1,1),(106,'이윤정','서울 강남구 봉은사로 117 11층 아이비성형외과','010-4633-8552','2019-07-26',1,1),(107,'배은영','서울특별시 양천로 637 한마음 삼성아파트 104동 803호','010-6307-0251','2019-07-26',1,1),(108,'유소리','경기도 용인시 기흥구 신갈동 신흥덕롯데캐슬레이시티 108동 2003호','010-9145-4329','2019-07-26',1,1),(109,'이주연','경기도 용인시 처인구 모현읍 백옥대로 2332번길 32-13 유엔프라임 102-203호','010-9053-9206','2019-07-27',1,1),(110,'성우미','서울시강서구화곡동916-1화곡뉴스토리402호','010-3269-9740','2019-07-27',1,1),(111,'이정은','경기도 하남시 미사강변서로 65 미사제일풍경채 3303동 702호','010-6285-8028','2019-07-29',1,1),(112,'주효열','서울 강남구 역삼로 240 세방하이빌 101동 702호','010-3537-5446','2019-07-30',1,1),(113,'이하나','서울시 중랑구 면목로 92라길 15 동인씨엘로 102동 404호','010-5000-4382','2019-07-31',2,1),(114,'김희선','부산광역시 강서구 명지국제7로 111 LH오션타운 111동 1401호','010-8813-7260','2019-08-02',1,1),(115,'정인선','경기도 광주시 초월읍 지월리 885 광주초월금강아미움아파트 101동 1404호','010-6486-4418','2019-08-03',2,1),(116,'조아름','전주시 완산구 강변로 242 102동 1701호 (문앞에 놔주세요)','010-2758-5696','2019-08-05',2,1),(117,'송보경','경기도 화성시 서동탄로 53,(서동탄역파크자이1차) 108동 803호','010-9022-2600','2019-08-05',1,1),(118,'오수미','서울시 양천구 목동서로 280 808동 1807호','010-5400-5254','2019-08-06',2,1),(119,'엄혜란','서울특별시 성북구  솔샘로 120 (정릉풍림아이원아파트)124동309호','010-4451-8520','2019-08-06',1,1),(120,'양달아','서울시 마포구 독막로42길 2, 102동 603호','010-9161-5775','2019-08-06',1,1),(121,'신광업','서울시 관악구 서림7길 10 302호','010-9087-8827','2019-08-06',2,1),(122,'우나정','인천시 연수구 원인재로 88 대우삼환아파트 102동 701호 ','010-6244-1059','2019-08-07',1,1),(123,'정민교','서울시 성북구 종암동 sk뷰 2차 204동 1904호 문앞. 현관비번 #1904#2929#','010-7424-1702','2019-08-07',2,1),(124,'황의정','서울시 중구 퇴계로49길 14 충무로엘크루메트로시티2 1020호','010-7375-7103','2019-08-07',1,1),(125,'김정미','인천서구 크리스탈로 102 푸르지오 361동 904호','010-7104-9948','2019-08-08',1,1),(126,'변달님','경기도 평택시 용죽2로 30 309동 503호','010-9059-9104','2019-08-08',2,1),(127,'이혜영','경기도 고양시 일산동구 숲속마을1로 29-15 102동 1108호','010-3192-6397','2019-08-10',1,1),(128,'김민아','경남 창원시 마산합포구 중앙동3길 22, 102동 1005호','010-4596-9547','2019-08-11',1,1),(129,'곽지원','서울특별시 성북구 숭인로 50 120동 502호 (래미안길음센터피스)','010-5380-2428','2019-08-11',1,1),(130,'이지영','부산광역시 사하구 을숙도대로709번길 31 구평자유아파트 101동 1906휴','010-8864-7402','2019-08-12',1,1),(131,'고정미','울산 울주군 청량읍 화창7길 33','010-7755-0809','2019-08-12',1,1),(132,'최예은','서울시 동작구 대방동 알마타길 24-1 대방파크빌 601호','010-3395-4990','2019-08-14',1,1),(133,'유종숙','강원도 속초시 영랑호반길 115-13, 101동 203호(금호동, 보람레이크더하임아파트)','010-6367-4701','2019-08-14',1,1),(134,'정복희','전남 순천시 장선배기길105. 금당중흥 103-614','010-5147-7253','2019-08-14',1,1),(135,'김윤하','경시도 수원시 권선구 호매실동 한양수자인파크원 109동 701호','010-9253-1204','2019-08-15',1,1),(137,'김미주','부산시 남구 수영로366번길 42, 대남빌라 101호','010-3083-1353','2019-08-17',1,1),(139,'연하나','서울시 은평구 진관4로 48-17, 712동 608호','010-4132-3948','2019-08-18',1,1),(140,'배현아','경북 구미시 선산읍 선산향교길 16 e편한세상 105동 401호','010-9295-1254','2019-08-19',1,1),(141,'이필훈','충남 천안시 월봉로 131 용암마을 102동 402호','010-7441-4533','2019-08-21',1,1),(142,'노현순','울산광역시 북구 농공단지 3길 1 북구장애인보호작업장','010-4377-2996','2019-08-21',1,1),(143,'정우선','서울시 금천구 시흥동 871-30 402호','010-3451-5612','2019-08-22',1,1),(144,'김해정','대구동구방촌동영남네오빌1차103동1305호','010-5400-3895','2019-08-28',1,1),(145,'이루비','서울시 동대문구 무학로 26길 30, 4동 1106호','010-5655-4074','2019-08-29',1,3),(146,'이종성','경북 구미시 비산동 599 강변코오롱하늘채 102동 1106호','010-7586-2707','2019-08-29',1,1),(147,'이현숙','부산시 사하구 다송로 23 다대 롯데캐슬블루 108동 403호','010-2710-8766','2019-08-31',1,1),(148,'김희석','세종특별자치시 보람로 95 (도담동, 도램마을13단지) 1315동 902호','010-9470-1313','2019-09-01',1,1),(149,'박주란','전라북도 전주시 덕진구  추탄로 61 (THERUBENS)','010-6680-8653','2019-09-02',1,1),(150,'안지연','서울시 노원구 공릉동 684-31 송강빌딩 301호','010-9559-2340','2019-09-03',1,1),(151,'홍주연','경기도 용인시 기흥구 사은로 84번길 10 보라효성해링턴플레이스 105동 2804호','010-3993-8813','2019-09-04',1,3),(152,'안진숙','익산시 선화로10길17  모현 이편한세상  104동1501호','010-9660-4845','2019-09-05',1,1),(153,'안진숙','익산시 선화로10길17  모현 이편한세상  104동1501호','010-9660-4845','2019-09-05',1,2),(154,'이세정','부산시 동래구 중앙대로 1493번길 16 온천삼정그린코아 더베스트아파트 103동 502호','010-7926-5506','2019-09-07',1,1),(155,'김윤진','충남 천안시 서북구 직산읍 직산밸리로 22-22 한양수자인 203-2501호입니다 ','010-9470-9444','2019-09-09',1,1),(156,'김혜원','경남김해시 월산로 82-55, 1202동 504호','010-8973-0850','2019-09-10',1,3),(157,'유정연','경기도 화성시 반송동 82 시범한빛마을 금호어울림 아파트 241동 1301호','010-4824-9282','2019-09-10',1,1),(158,'김민지','경기도 부천시 소사본동 323 양우내안에 101-901','010-6423-7809','2019-09-13',1,1),(159,'유설재','경기도 남양주시 다산중앙로 145번길 38 경기행복주택 1303동 1409호','010-3003-5103','2019-09-13',1,1),(160,'조효정','천안시 서북구 성성9로 14 레이크타운211-701호','010-2928-2938','2019-09-14',1,3),(161,'조은주','서울시 홍은동186-1 미성아파트 3-209','010-4032-4585','2019-09-14',1,1),(162,'김진희','경기 부천시 원미구 역곡2동 27-2 홈타미a 101호','010-8464-1166','2019-09-15',1,1),(163,'박해린','경기도 고양시 덕양구 동송로 70 (삼송역 힐스테이트) 104동 4202호','010-9205-9819','2019-09-15',1,1),(164,'심민숙','인천시 남동구 남동서로 36','010-2207-2986','2019-09-15',1,1),(165,'홍명주','인천시 부평구 세월천로16  청천푸르지오 118동 2501호','010-8466-1477','2019-09-16',1,1),(166,'노혜림','경기도 용인시 수지구 동천로153번길 79, 동천파크자이 104동 702호','010-8270-6428','2019-09-16',1,1),(168,'김문석','전라북도 전주시 완산구 용리로 179길 108동 206호(삼천동1가, 세창짜임아파트)','010-4616-9232','2019-09-17',1,1),(169,'박예지','경기 수원시 영통구 봉영로1517번길73 삼성태영아파트 921동 802호 ','010-9124-2451','2019-09-17',1,1),(170,'김소연','서울시 중구 퇴계로 217(충무로4가, 진양꽃상가 3층) 168~172호','010-8987-7968','2019-09-17',1,1),(171,'조은주','서울시 서대문구 홍은동 186-1 미성아파트3-209','010-4032-4585','2019-09-18',1,1),(172,'박원정','경기도 용인시 수지구 성복2로 10 롯데캐슬 110동 2303호','010-9442-8793','2019-09-19',1,1),(173,'박예진','서울시 송파구 송파대로 111, 204동 1815호','010-4613-0665','2019-09-20',1,1),(174,'김미연','인천 미추홀구 주안5동 14-60 럭키연립 B동 202호','010-3039-3450','2019-09-20',1,1),(175,'김도영','경기도 광사동 658 유승아파트905동1404호','010-3137-7375','2019-09-20',1,1),(176,'김민경','울산남구화합로250 103-1404','010-9224-1557','2019-09-20',1,1),(177,'김정아','경기도 의정부시 범골로 29번길 34, 602동 1303호 (호원2동, 신도6차아파트)','010-5650-5455','2019-09-21',1,1),(178,'이선영','경기도용인시기흥구사은로84번길10 용인보라효성해링턴플레이스110동2503호 ','010-6371-6159','2019-09-22',1,1),(179,'강샛별','김해 외동 1354-1 신영아트빌c동 502호','010-9939-0415','2019-09-22',1,1),(180,'박현정','경기도 고양시 일산동구 노루목로 104 호수마을 2단지 상가 2층 우드비미술','010-5213-4836','2019-09-23',1,1),(181,'이소라','경기도 안산시 상록구 본오동 한양아파트 32동 1007호','010-4366-9066','2019-09-24',1,1),(182,'민찬호','경기도 분당구 돌마로 486번길 7, 208동 203호','010-2276-9723','2019-09-24',1,1),(183,'손정숙','서울시 성동구 무학로 33 110동 1201호(텐즈힐아파트)','010-8784-1022','2019-09-26',1,3),(184,'이성호','충청남도 아산시 배방읍 장재리 1539 연화마을휴먼시아8단지아파트 808동 703호','010-8922-5060','2019-09-26',1,3),(185,'이현돈','경기도 과천시 양지마을4로 32 헤이븐 1층','010-8447-8591','2019-09-27',1,1),(186,'정수경','경기도 성남시 분당구 이매동111 이매촌진흥아파트 812동 201호','010-2607-2642','2019-09-30',1,1),(187,'인국희','부산 동래구 명장로65 명장이편한 1단지 115동1304호','010-9110-5494','2019-09-30',1,1),(188,'신은순','경기도 군포시 도마교동 송정마을lh 507동 903호','010-8590-2590','2019-10-01',1,1),(189,'박미숙','수원시 영통구 에듀타운로 101, 에듀하임오피스텔 106-1305','010-2639-5216','2019-10-01',1,3),(190,'김유리','서울시 중랑구 망우동 529-117 302호','010-7297-3180','2019-10-02',1,1),(191,'김효정','원주시 지정면 신지정로 295 호반베르디움2차 325동 802호','010-8822-8654','2019-10-02',1,3),(192,'박지영','서울시 노원구 상계6동 주공아파트 122동 1401호','010-8982-9195','2019-10-03',1,1),(193,'이두리','대전 동구 대전로 340번길 20 103동 1404호','010-9203-0328','2019-10-03',1,1),(194,'김혜연','인천 서구 청라라임로85 104동 304호','010-4103-4521','2019-10-04',1,1),(195,'이현림','연북로204  27차 신화위더스빌더샾 103동301호','010-9447-5302','2019-10-04',1,1),(196,'김현정','경기도 부천시 경인로 26번 22(송내자이) 103동 1102호','010-9011-7768','2019-10-05',1,1),(197,'원종연','경기도 과천시 과천동 376','010-5129-6660','2019-10-06',1,1),(198,'임성진','경기도 의왕시 청계1로 9, 휴먼시아 청계마을 602동 103호','010-7920-8002','2019-10-07',1,1),(199,'차하나','수원시 장안구 이목동 장안힐스테이트 212 1505','010-9721-5111','2019-10-07',1,1),(200,'유수정','포항시 남구 효자동길 10번길 5-10 보눼르 502호','010-2536-4842','2019-10-10',1,1),(201,'문계화','아산시 배방읍 공수리 1167 푸르지오111-1201','010-7765-1317','2019-10-11',1,1),(202,'김성은','전라북도 남원시 조산동 975 메카센트럴 104동1201호','010-3682-3409','2019-10-11',1,1),(203,'정은정','울산남구신정푸르지오 102동104','010-4172-3793','2019-10-11',1,1),(204,'토마토','서울시 마포구 월드컵로 196, 1303호','010-303-9037','2019-10-12',1,3),(205,'김미르','경기도 연천군 전곡읍 선사로 384 (영풍아파트) 아동 5001호','010-8226-8331','2019-10-13',1,1),(206,'최은혜','서울특별시 동작구 만양로 65-1 2층','010-8719-4424','2019-10-15',1,1),(207,'심영옥','인천시 남동구 도리미로 8 아이파크아파트 103동 102호','010-5256-5595','2019-10-15',1,1),(208,'한재원','인천광역시 연수구 청량로 185번지 47번길 우성 2차 아파트 203-701','010-2632-4009','2019-10-15',1,1),(209,'우상옥','대구시 북구 동변동 666-8 서광빌라트 205호','010-5672-7293','2019-10-15',1,1),(210,'김소율','경기도 의정부시 장곡로 312 ,202호 김소율','010-7702-7085','2019-10-18',1,1),(211,'김효진','서울시 중랑구 상봉로20길 94 소명빌라 401호','010-9223-9968','2019-10-19',1,1),(212,'조보라','인천 부평구 부평대로 168 의회사무국 1층','010-2571-0939','2019-10-19',1,1),(213,'조예지','동광로43깅14-24 102-401','010-4602-0496','2019-10-21',1,1),(214,'김꽃님','경기도 고양시 덕양구 오부자로 150 LH3단지 302-1403','010-9300-5936','2019-10-23',1,1),(215,'윤미래','서울강남구 개포로130길11','010-7414-0077','2019-10-23',1,3),(217,'전지원','경기도 부천시 경인로 133번길 23, 209동 303호','010-5543-6554','2019-10-25',1,3),(218,'공윤경','경기 용인시 수지구 수지로342번길 18 현대아파트 103-303','010-9439-3044','2019-10-25',1,3),(219,'김지현','경기도 남양주시 다산중앙로146번길7 자연앤롯데캐슬 2208동 2801호 ','010-7733-0050','2019-10-25',1,3),(220,'김경희','서울시강남구광평로19길10. 1006동 905호','010-8955-7225','2019-10-26',1,1),(221,'김상미','대구 북구 학남로27 201호','010-7263-1763','2019-10-27',1,1),(222,'박보람','서울시 광진구 긴고랑로 12길 7, 201호','010-9955-2712','2019-10-28',1,1),(223,'홍현희','김해시 인제로 197  인제대학교 평생교육원 인정관 201호','010-8549-8959','2019-10-28',1,1),(224,'윤지은','서울특별시 동작구 사당동 419-32 1층 102호 (빨간벽돌 초록문)','010-9610-8803','2019-10-29',1,1),(225,'원지영','경기도 광주시 순암로36번길 30 광주역이편한세상 602동 801호','010-8852-4862','2019-10-31',1,1),(226,'조선영','울산시 북구 호계매곡1로 32, (에일린의뜰2차) 211동 2301호','010-4702-7588','2019-10-31',1,3),(227,'차선희','경기도 남양주시 다산중앙로82번길 15 (다산신도시 자연앤이편한세상아파트 )  5103동 103호','010-5506-0519','2019-11-01',1,1),(228,'노지현','서울 영등포구 양평로22다길 3 (양평동5가, 청풍 스카이파크)602호','010-2915-6275','2019-11-03',1,1),(229,'이하린','서울시 강남구 도곡동 타워팰리스 1차 D동 2207호 ','010-3600-2252','2019-11-05',1,1),(230,'윤미래','서울 강남구 개포로130길11 201호','010-7414-0077','2019-11-05',1,3),(231,'김지은','경기도 화성시 효행로 707번길7 신한미지엔아파트 106동 704호','010-9788-7277','2019-11-06',1,1),(232,'김현아','대전 중구 태평로 15  버드내마을아파트123-2002','010-7433-4221','2019-11-08',1,1),(233,'김희성','충북 청주시 청원구 중부로 760 롯데캐슬 106-302','010-9920-8354','2019-11-09',1,1),(234,'차유미','서울특별시 송파구 장지동 856 송파파인타운 1001동 1202호','010-8577-7227','2019-11-09',1,1),(235,'고은정','경기도 고양시 덕양구 고양대로1432번길 141 안쪽 나무대문집','010-9086-7398','2019-11-12',1,1),(236,'박상준','충청북도 청주시 상당구 2순환로 2031(청주 하트리움 리버파크) 109동 2102호','010-4571-7416','2019-11-13',1,3),(237,'박미경','경기도 용인시 기흥구 보라동 사은로84 10번길 보라효성해링턴플레이스 110동2104호 ','010-3246-8894','2019-11-14',1,3),(238,'김형태','충남 아산시 음봉면 음봉로 515-37 더샵레이크시티3차 303동 702호','010-9614-0117','2019-11-14',1,1),(239,'맹진아','경기도 안성시 공도읍 공도로142, 115동 203호','010-2272-8338','2019-11-15',1,3),(240,'이진우','대구광역시 서구 달서로 85 한전 서대구지사 2층 수금파트','010-9908-1186','2019-11-17',1,3),(241,'이보슬','경기 오산시 세마문학로 50 이편한세상 120동1803호','010-4873-1929','2019-11-17',1,1),(242,'권정연','서울시 강서구 우장산로16길 15 예가채 803호','010-5680-0064','2019-11-18',1,2),(243,'이나경','경상남도 창원시 진해구  냉천로 262 (중흥S-클래스아파트) 108동 802호','010-8756-0673','2019-11-18',1,3),(246,'김남희','경기도 성남시 분당구 동판교로 275, 107동 204호(신미주아파트)','010-2515-0529','2019-11-19',1,1),(247,'서수민','서울시 강남구 봉은사로57길 37 201호','010-9323-6723','2019-11-20',1,1),(248,'주소영','경남 진주시 대밭골로 91, 306동 703호 (혁신도시LH3단지)','010-8784-5451','2019-11-20',1,1),(249,'김혜경','경기도 용인시 수지구 동천로135번길 21 1303동 403호','010-3187-0710','2019-11-20',1,1),(250,'장예진','경기도 부천시 약대동 217-1 부천아이파크2단지 209동 404호','010-8938-5942','2019-11-21',1,1),(252,'김보영','광주광엳시 광산구 장덕로 137번길 39, 106동 2002호','010-6878-1600','2019-11-23',1,1),(253,'김정원','서울시 금천구 범안로15길 7 계룡아파트 101-702','010-8883-8807','2019-11-23',1,1),(254,'서경진','경남 김해시 분성로4 협성엘리시안 106-1505','010-2976-6004','2019-11-24',1,1),(255,'이혜진','인천 연수구 해송로30번길 19 웰카운티3단지 308동 801호','010-2307-4188','2019-11-25',1,1),(256,'손경순','경상북도 경산시 대학로8길 32 (옥산 태왕·한라타운) 107동 1006호','010-5531-5377','2019-11-25',1,1),(257,'유희선','서울시 송파구 올림픽로 4길 42, 7-1007(잠실동 우성아파트)','010-3603-5091','2019-11-25',1,1),(258,'김현정','울산 남구 문수로409번길 23 206동 301호 ','010-2625-9534','2019-11-25',1,3),(259,'안소연','충청남도 천안시 서북구 충무로 158-10 해누리선경@ 109동 402호','010-4001-3302','2019-11-25',1,3),(260,'고보민','경기 안양시 평촌대로 40번길 100 샘마을 임광 303-1403','010-8994-2299','2019-11-25',1,3),(261,'정윤정','서울특별시 강남구 광평로51길 27 (삼익아파트) 403동 308호','010-4588-4726','2019-11-26',1,1),(262,'김유진','경기도 안성시 공도읍 양기길 28 서해A105동903호','010-8637-8554','2019-11-26',1,1),(263,'김효영','충북 청주시 상당구 미원시내2길 35-14 유신아파트 407호','010-5138-9635','2019-11-26',1,1),(264,'이은정','경기도 화성시 병점3로 74 (느치미마을주공2단지) 205동 201호','010-9674-3379','2019-11-28',1,3),(265,'오연민','강원도 원주시 지정면 가곡새말길 28','010-3352-2474','2019-11-28',1,1),(266,'정인선','경기 수원시 권선구 구운동 삼환아파트 8동 1305호','010-3353-7497','2019-11-29',1,1),(267,'문슬예나','경기도 고양시 일산동구 숲속마을1로115, 805동 1403호','010-3717-4861','2019-11-29',1,1),(268,'조진경','전라북도 군산시 미장동 525-1 제일풍경채아파트 101/106','010-9266-0620','2019-11-30',1,1),(269,'박지연','세종특별자치시 대평로 56 해들마을5단지 512동 1201호','010-4436-8100','2019-11-30',1,3),(270,'박지연','세종특별자치시 대평로 56 (해들마을5단지) 512동 1201호','010-2421-8131','2019-11-30',1,1),(271,'변순영','경기도 수원시 장안구 덕영대로 639번길 63, 261동 2104호(꽃뫼노을마을 한마루아파트)','010-5102-4080','2019-11-30',1,1),(272,'신소연','제주도 서귀포시 서호남로 92-16 LH 2단지 2018동 101동 ','010-9687-1087','2019-12-01',1,1),(273,'이현주','경남 창원시 진해구 용원중로 37번길 16, 덕만빌 201호 (용원동 1225-20번지)','010-9787-3443','2019-12-01',1,3),(275,'조성희','대전 중구 중앙로45 선화센트럴뷰 106동 1204호 ','010-3452-1955','2019-12-02',1,1),(276,'조희정','인천광역시 남동구 구월동 1132-6 ds더웰가 1302호','010-4914-0130','2019-12-02',1,1),(277,'이근영','양산시 소주회야로75 천성리버타운 115동 2001호','010-5768-2510','2019-12-03',1,1),(278,'서하은','경기도 안산시 단원구 원선1로 10, 101동 3103호','010-6398-0423','2019-12-03',1,1),(279,'주소현','서울 구로구 고척로27길 16-13  3층','010-8906-4535','2019-12-03',1,3),(280,'이지영','경기도 용인시 처인구 지삼로590번길 9 202-203','010-3138-1916','2019-12-04',1,1),(281,'강지숙','충남예산군예산읍아리랑로144번길 19 신성아파트 101동 704호','010-4186-5642','2019-12-04',1,1),(282,'홍수지','서울특별시 송파구 석촌호수로18번길 24-6 301호','010-7750-4133','2019-12-04',1,1),(283,'김유란','경기도 구리시 갈매중앙로 132 이스트힐 211동 906','010-9978-8734','2019-12-04',1,1),(284,'신재석','전북 전주시 완산구 거마평로(뷰티빌아파트) 102동 1202호','010-9112-0538','2019-12-05',1,3),(285,'김현아','서울시 광진구 구의강변로106 삼성쉐르빌 1410호','010-4135-0262','2019-12-06',1,3),(286,'이승민','서울시 강북구 삼양로 19길 25 ,래미안트리베라 1차 111동 401호','010-9210-1898','2019-12-06',1,3),(288,'권혜진','풍덕천로 75 신정마을 705-703호','010-2732-0607','2019-12-07',1,1),(289,'김규린','합천군 합천읍 장수로 46 301호','010-5675-3104','2019-12-07',1,1),(290,'윤수진','울산 북구 명촌15길 10 평창리비에르 311동 604호','010-9566-6031','2019-12-08',1,1),(291,'김도문','경북 포항시 북구 양학로 70-17','010-9270-1150','2019-12-10',1,1),(292,'이현지','서울시 강서구 방화대로34길88 마곡푸르지오 107동705호','010-8979-0269','2019-12-10',2,1),(293,'강한나','경기도 수원시 장안구 화산로 85 천천푸르지오 104동 401호','010-2724-8584','2019-12-10',1,1),(294,'김민주','충남 천안시 서북구 불당 19로 95 린스트라우스1차 104동 2702호','010-4128-4616','2019-12-10',1,1),(295,'권소영','경기도 용인시수지구 진산로 66번길 10 삼성 5차 522동 801호','010-9672-8910','2019-12-10',1,1),(296,'서경아','수원시 권선구 매곡로67 호반베르디움더퍼스트 103동 703호','010-6605-4420','2019-12-12',1,1),(297,'이미래','인천광역시 서구 연희동 741-39 일신빌라 2동 202호','010-3182-2804','2019-12-12',1,1),(298,'이하은','광주 서구 천변좌하로 276 드림생활관 2층','010-6305-0690','2019-12-12',1,3),(299,'강진주','경기도 분당구 야탑로 20, 115-1106','010-9494-2504','2019-12-12',1,3),(300,'임지혜','서울 노원구 한글비석로 530 주공12단지 1205동 512호','010-6861-0087','2019-12-13',1,1),(301,'장은영','서울 마포구 서교동 482-35 304호','010-3136-8581','2019-12-15',1,1),(303,'이가연','경기도 평택시 세교6로45 힐스테이트2차 207동2203호','010-2615-2365','2019-12-15',1,3),(304,'김정인','경기 의왕시 안양판교로 100 인덕원푸르지오 엘센트로 105동 3402호','010-5798-2278','2019-12-16',1,1),(305,'이은영','대전 유성구 원신흥동 천년나무 1108동 1102호','010-2889-1873','2019-12-16',1,1),(306,'김진희','경기도양주시고암길306-40주원마을204동302호','010-8882-7931','2019-12-17',1,1),(307,'박경민','수원시 영통구 중부대로448번길 28 (원천주공2단지) 216동 1402호','010-8839-2713','2019-12-17',1,1),(308,'도윤주','대구북구칠곡중앙대로46길15, 태전동남영아파트 101동301호','010-5414-2237','2019-12-17',1,1),(309,'조예슬','서울 도봉구 시루봉로15라길 59-2 302호','010-9082-1812','2019-12-17',1,1),(310,'박진영','서울특별시중랑구중랑천로176~5','010-4880-8555','2019-12-18',1,1),(311,'윤서영','서울 서대문구 연희동 200-5 라온채 A-105(3F)','010-7410-0225','2019-12-18',1,1),(312,'최지영',' 충북 옥천군 옥천읍 동부로 16 하늘빛아파트 103동 401호','010-4186-9703','2019-12-18',1,1),(313,'함경아','화성시 동탄순환대로20길 13 베라체 2144동 1203호','010-7176-8270','2019-12-18',1,3),(314,'이선민','세종시 연서면 당산로 290 대원네스트빌 103동 405호','010-6435-4972','2019-12-18',2,1),(315,'진은선','경기도 여주시 오학동 408번지 오드카운트아파트 108동 202호','010-2078-5108','2019-12-19',2,1),(316,'안현진','울산광역시 남구  테크노산업로 44번길 50 ,105동504호','010-4942-3232','2019-12-19',2,3),(317,'최효진','경기도 고양시 일산서구 현중로13 탄현마을13단지 1305동 1101호','010-9359-7195','2019-12-19',1,1),(318,'정승은','울산 남구 평창 2차 현대 아파트  504동 406호 ','010-4806-0940','2019-12-21',1,1),(319,'박지은','대전광역시 유성구 자운로97번길 265(신봉동, 자운대아파트3단지) 322동 403호','010-2527-3616','2019-12-22',1,1),(320,'신유진','경기도 남양주시 화도읍 경춘보학1길 8 라온프라이빗5단지 501-502호','010-9825-2237','2019-12-22',1,1),(322,'김희현','인천광역시 연수구 송도동 송도과학로27번길 55 202동 906호','010-6752-3421','2019-12-23',1,1),(323,'김향덕','경남 진주시 대밭골로 92, 라온아파트 206동 1902호','010-9383-2471','2019-12-23',1,1),(324,'양지혜','대전 유성구 원신흥동 양우내안애 1907-102','010-3304-7427','2019-12-24',1,1),(325,'이희재','서울시 영등포구 여의도동 국제금융로 109 삼익아파트 디동 510호','010-8967-3237','2019-12-24',1,1),(326,'김진희','인천 서구 봉오재2로 13, 루원더퍼스트 104동 1103호','010-3860-9939','2019-12-25',1,1),(327,'김재민','노해로 35길 39 201호','010-3499-0446','2019-12-27',1,1),(328,'김시연','경기도 수원시 권선구 정조로526번길 38 아크빌 402호','010-2812-7748','2019-12-27',1,1),(329,'장은','충남 공주시 한적2길 51-14 신금우남퍼스트빌 104동 1703호','010-6323-6723','2019-12-28',1,1),(330,'정윤주','김해시활천로181아방동원504동1108호','010-4846-3235','2019-12-29',1,1),(331,'김기량','경기도용인시수지구만현로67번길 상현더샵파크사이드 103동1202호','010-9030-6848','2019-12-30',1,3),(332,'허한울','경기도 수원시 장안구 금당로 56 물품보관함','010-2740-0339','2019-12-30',1,3),(334,'서한별','충남 천안시 서북구 성정로 75 108-101','010-4353-8972','2019-12-30',1,3),(335,'이소민','경기도 오산시 운암로 90  320동 1601호','010-2229-1621','2019-12-31',1,1),(336,'양현욱','서울시 성동구 난계로114-31 금호베스트빌 102동 902호','010-5512-5619','2020-01-01',1,3),(337,'김보라','서울시 강서구 화곡4동 792-13 202호','010-8888-1794','2020-01-01',1,1),(338,'최유리','서울시 영등포구 버드나루로15 창조건축','010-4126-8283','2020-01-02',1,3),(339,'박진아','인천시 부평구 안남로 269 푸르지오 104동 1001호','010-5506-0361','2020-01-03',1,1),(340,'홍성근','서울시 관악구 문성로86.702호(신림동. 라이프아파트)','010-5285-7502','2020-01-04',1,1),(341,'임주미','부산광역시 강서구 명지국제5로 59 (명지1차 금강펜테리움 센트럴파크) 106동 102호','010-4848-3713','2020-01-05',1,3),(342,'김민주','부산 북구 금곡대로 228, 101동 1206호 (화명동 동원로얄듀크1차아파트)','010-5407-4469','2020-01-05',1,1),(343,'이선희','경남 김해시 율하 5로 11 시티프라디움 105동 2102호','010-5188-9165','2020-01-05',1,1),(344,'정은미','경북 구미 고아읍 들성로121원호푸르지오102동1505호','010-2821-3679','2020-01-05',1,1),(345,'박아름','인천 서구 심곡로135  대동아파트103동 1106호','010-9937-6320','2020-01-05',1,1),(346,'이미애','충북 충주시 호암수청2로 78 두진하트리움 109동 2201호','010-4324-8905','2020-01-05',1,3),(347,'이명선','전라남도 해남군 해남읍 영빈로 79-18 정하에코하임 103동1303호 ','010-4688-5698','2020-01-05',1,1),(348,'김세정','서울시 서초구 사평대로 18길19 정광아파트 403호','010-7183-9060','2020-01-06',1,3),(349,'이다솜','서울시 송파구 올림픽로 435 파크리오 213동 1903호','010-5596-1493','2020-01-06',1,1),(350,'방중석','영등포구 선유동 2로 56 203-1103','010-3221-9861','2020-01-06',1,3),(351,'이성준','경기도수원시영통구망포동726이편한세상2차1단지104-2404','010-9160-8248','2020-01-07',1,3),(352,'이예린','경기도 파주시 문산읍 방촌로 1744, 112동 1004호 (파주힐스테이트1차)','010-7137-7898','2020-01-07',1,3),(353,'박주영','서울 영등포 양평동6가 100 동양아파트 102-806','010-3635-7375','2020-01-07',1,3),(354,'신효정','대전 유성구 전민동 엑스포아파트 305동 1403호','010-9600-7997','2020-01-08',1,1),(355,'박수진','대전광역시 중구 선화동 877 센트럴뷰아파트 101동 704호','010-4412-1355','2020-01-08',1,1),(356,'엄진영','서울시 동작구 동작대로29길 119 극동아파트 111동 1515호','010-7343-0704','2020-01-09',1,1),(357,'김옥남','경북 칠곡군 석적읍 중리 석적로 905 102동103호','010-4710-1047','2020-01-10',1,1),(358,'정윤희','경기도 용인시 기흥구 신정로25 신흥덕롯데캐슬레이시티 107-906','010-8606-1939','2020-01-11',1,1),(360,'김현주','경북 포항시 남구 해도동 중앙로 122번길 37 (정원하우스 103호)','010-8200-6645','2020-01-12',1,3),(361,'미소','경기도 포천시 호국로429번길 11 대방노블랜드1차아파트 104동 304호','010-4142-4204','2020-01-12',1,1),(362,'남지연','경기도 수원시 영통구 중부대로 271번길 27-9 원천주공아파트 101-1203','010-8507-0868','2020-01-13',1,1),(363,'서현정','경기도광명시 양지로16 광명역써밋플레이스 104동3901호 ','010-4745-4506','2020-01-13',1,1),(364,'이다연','광주 광산구 목련로 153번길 56 707-412','010-7200-1710','2020-01-13',1,1),(365,'김다은','대구 수성구 동대구로 364 지방법원 민사합의과 8부','010-2902-2494','2020-01-13',1,1),(366,'홍다예','서울시 구로구 디지털로319,1407호','010-2867-1389','2020-01-14',1,3),(367,'강현정','대전시 서구 구봉산북로212천년나무A101-605호','010-4843-1218','2020-01-14',1,1),(368,'곽선진','대구광역시 달성군 구지면 국가산단북로 25길10-21','010-7174-3180','2020-01-15',1,1),(369,'전상우','부산광역시 금정구 식물원로 27번길 36 (장전동 652-58) 온천휴 101동 601호','010-4150-4369','2020-01-15',1,3),(370,'마정아','경기도 용인시 덕영대로 1871 103동 503호','010-7679-9116','2020-01-15',1,1),(371,'임지희','경기도일산동구장항동1761킨텍스원시티아파트205동 3902호','010-9170-6487','2020-01-16',1,1),(373,'김은숙','세종시 조치원읍 섭골길59 이편한세상 105동 1203호','010-9204-2865','2020-01-16',1,1),(374,'임영실','경기도 수원시 권선구 경수대로302번길 29 권선삼성아파트 6동 206호','010-2035-6435','2020-01-16',1,1),(375,'김민서','용인시 기흥구 영덕동 흥덕7단지 힐스테이트 709동 1902호','010-8072-6160','2020-01-17',1,1),(377,'김미호','대전 유성구 죽동로 72 천년나무아파트 505동 801호','010-5126-7913','2020-01-18',1,1),(378,'김재옥','경북 포항시 북구 두호로 66 두호sk뷰푸르지오 105동 204호','010-8782-0130','2020-01-18',1,1),(379,'배수민','경기도 수원시 장안구 정자동 922 청솔마을주공아파트 614동 2102호','010-8918-1801','2020-01-19',1,1),(380,'권보경','경북 영주시 상망동 원당로 225번길 67코아루 아파트103-303','010-8340-7680','2020-01-19',1,1),(381,'구본숙','충남 아산시 문화로 257-24, 203동 1004호','010-4709-2978','2020-01-19',1,1),(382,'이미나','울산남구야음로26번길34대현더샵203동2501','010-4019-4641','2020-01-19',1,1),(383,'방선미','경기도 화성시  동탄순환대로29길 57 (화성동탄상록리슈빌아파트)517동1203호','010-3030-6278','2020-01-19',1,1),(384,'김혜주','전주시 완산구 새터로95 동아한일 108동 603호','010-5840-1531','2020-01-19',1,1),(385,'이경민','부산 해운대구 대천로103번길 9 대림2차아파트 206동 602호 ','010-9932-1944','2020-01-19',1,3),(386,'민은영','강원도 홍천군.읍 갈마로8길15 미소지움아파트 106-603','010-2861-2717','2020-01-19',1,1),(387,'이지연','서울 용산구 백범로90길 74 이안아파트 101동 1501호','010-2541-8191','2020-01-20',1,1),(388,'김가은','인천서구 불로동 793-1 삼보해피하임 503_1803','010-6350-7796','2020-01-20',1,1),(389,'이새벽','부산시 해운대구 좌동 1302 동신아파트 103동 2003호 ','010-5152-9946','2020-01-21',1,1),(390,'임수정','대전광역시 유성구 노은동 열매마을 10단지 1005-404호','010-2324-0777','2020-01-21',1,1),(391,'이다영','경기도 의정부시 민락로211 110동1401호','010-9701-1050','2020-01-21',1,1),(392,'안성임','역삼로 38길 16 리치웰 빌라트 301호','010-8945-3463','2020-01-21',1,1),(393,'안연진 ','경기도 용인시 기흥구 영덕동 952 흥덕마을11단지경남아너스빌 1104동 1301호 ','010-2821-0935','2020-01-21',1,3),(394,'김민선','서울시 서대문구 독립문로 14길 33 돈의문센트레빌아파트 205-501','010-7158-0621','2020-01-22',1,1),(395,'김슬기','부산시연제구 중앙대로1124번길 15 sk뷰 102동 1605호','010-8632-4860','2020-01-22',1,3),(396,'주현아','충남 아산시 탕정면로 37 (탕정트라팰리스) 503동 1406호','010-6410-7693','2020-01-22',1,1),(397,'최은경','강원 원주시 봉화로 67 이편한세상아파트 104동 405호 ','010-7763-1774','2020-01-22',1,3),(398,'진정아','경기도 시흥시 은행로144번길 21-1 (은행동, 대우아파트) 202동 901호','010-6710-8496','2020-01-23',1,1),(399,'신지혜','서울시 송파구 양재대로 1218 216동 702호 (05649)','010-9053-9423','2020-01-23',1,1),(400,'이안나','경기도화성시동탄대로4다길78 호반베디움33단지3312동1303호','010-9883-0020','2020-01-23',1,1),(401,'정아름','서울시관악구봉천로308-26보성타운601호','010-9444-6861','2020-01-24',1,1),(402,'김지수 ','경상남도 김해시 율하2로 87 율상마을 모아미래도5단지 506-1202','010-3396-7467','2020-01-24',1,3),(403,'안매화','양산시 물금읍 가촌리 1284 102동 2302호','010-3329-2374','2020-01-24',1,1),(404,' 이재경','서울동작구만양로19 신동아리버파크703-309','010-5882-2358','2020-01-24',1,1),(405,'허영미','서울시 영등포구 선유로207 현대6차아파트 605동 804호 ','010-3786-3554','2020-01-25',1,1),(408,'김민경','경기도 화성시 병점3로 53 ,106동 804호 신한에스빌','010-9985-5199','2020-01-26',1,3),(409,'김민경','경기도 하남시 미사강변대로 95, 미사센트럴자이 105-802','010-6609-2335','2020-01-26',1,1),(410,'김선화','경기도 성남시 수정구 수정로566 주원파크빌아파트 101동 404호 ','010-4594-3119','2020-01-27',1,1),(411,'민고은','서울시 중구 신당동 333-46 하나빌 501호','010-9789-1812','2020-01-28',1,3),(413,'강승화','경남 거제시 제산로 51  수월힐스테이트 102동 1003호','010-8545-2338','2020-01-28',1,1),(414,'고영민','서울시 은평구 응암로 103 조이팰리스아파트 1102호','010-8930-2694','2020-01-29',1,1),(415,'안은경','세종시 반곡로 14 수루배마을 1단지 캐슬&파밀리에 109동 1702호','010-8578-2670','2020-01-29',1,1),(416,'이새벽','부산시 해운대구 좌동 1302 동신아파트 103동 2003호 ','010-5152-9946','2020-01-29',1,1),(417,'권지선','서울시 강동구 고덕로80길 99 502동 1503호','010-8934-6049','2020-01-29',1,3),(418,'강안나','제주시 하귀9길45 하귀휴먼시아101동502호','010-8380-3531','2020-01-30',1,1),(419,'이동욱','군산시 조촌동 푸르지오 아파트 208동 1305호','010-4058-3850','2020-01-30',1,1),(420,'김영','경기도 수원시 장안구 정자동 38-24 301호','010-7570-0696','2020-01-30',1,1),(421,'정선희','경기도 용인시 처인구 남사면 한숲로83 520동 1704호','010-5460-7004','2020-01-30',1,1),(422,'김현주','강원도 춘천시 안마산로 133 115동 1404호','010-7643-0525','2020-01-30',1,1),(423,'이수지','경기도 화성시 동탄순환대로24길 101, 432동 203호','010-6632-8367','2020-01-30',1,1),(424,'이윤희','대전 대덕구 송촌동 선비마을 406동804호','010-3463-4969','2020-01-31',1,1),(425,'한수진','대전광역시 중구 대둔산로 386번길 70-42 대명하늘채 B동 302호','010-3931-7693','2020-01-31',1,1),(426,'박주영','경기도 시흥시 은행동 250-5 풍림아파트 101동 604호','010-9423-2982','2020-01-31',1,1),(427,'김소율','부산 수영구 민락동 22-13 힐링골든뷰 901호','010-2417-1700','2020-01-31',1,1),(428,'손정이','서울시 송파구 송파동 94-24 1층 포스터서울','010-8245-0875','2020-01-31',1,1),(429,'김주하','서울 강남구 도곡로 43길 21 래미안 그레이튼 103/1204','010-9314-7175','2020-01-31',1,3),(430,'김미선','경기도 시흥시 비둘기공원7길 19 서해아파트 102동 1501호','010-8802-8460','2020-01-31',1,1),(431,'권보라','대구광역시 남구 대명남로 172 302호','010-3563-6067','2020-01-31',1,1),(432,'오주영','경기도 고양시 덕양구 지축로 55 지축역센트럴푸르지오 105동 2104호 ','010-5216-8155','2020-01-31',1,1),(433,'조아진','울산광역시 동구 방어진순환도로 995,110-805(서부현대패밀리)','010-3552-2127','2020-01-31',1,1),(434,'김아라','포항시 북구 양학천로 102-2번지 주택 1층','010-4823-6008','2020-02-01',1,1),(436,'조수연','서울 광진구 자양로172(솔렌시아2) 703호','010-5561-9800','2020-02-01',1,1),(437,'문은비','포항 북구 두호로65 sk푸르지오 204동 1902호','010-6646-0606','2020-02-01',1,1),(438,'박민지','세종특별자치시 새롬중앙로 90  새뜸마을10단지 1002동 1306호','010-4599-4819','2020-02-02',1,1),(439,'박민지','세종특별자치시 새롬중앙로 90  새뜸마을10단지 1002동 1306호','010-4599-4819','2020-02-02',1,2),(440,'배혜진','부산시 수영구 연수로315번길 16,108동 1002호','010-3680-1355','2020-02-02',1,1),(441,'한아영','경남 밀양시 역앞광장로15 밀양강푸르지오 104동 2403호','010-9239-7013','2020-02-02',1,1),(442,'김윤정','경기도 여주시 도예로 40 105동1102 강변이안아파트','010-4876-1136','2020-02-02',1,1),(443,'장귀진','경남 김해시 진영읍 서부로 210 신아사','010-4195-2788','2020-02-02',1,1),(444,'한애정','경북 문경시 흥덕9길 13 시영아파트 다동 505호','010-5812-1512','2020-02-03',1,1),(445,'남수진','세종시 누리로 59 505동 2702호','010-8863-4764','2020-02-03',1,1),(446,'양예은','경기도구리토평우남아파트103동205호','010-3598-9899','2020-02-03',1,1),(447,'이혜연','전라남도 순천시 조례못등길 13,801동609호','010-5778-7073','2020-02-03',1,3),(448,'박해선','김해시 진영읍 진영산복로20 101동1001호','010-2281-3467','2020-02-03',1,1),(449,'최명희','서울시 개포로 22길 54 탑팰리스 301호','010-6604-6064','2020-02-03',1,3),(450,'방정화','충북 충주시 목행산단4로 13 104동 303호','010-9861-2470','2020-02-03',1,3),(451,'전인지','서울시 노원구 중계로 8길 29 한화꿈에그린 105동402호','010-9227-3335','2020-02-03',1,1),(452,'안민지','서울시 강북구 오현로 45 효성해링턴플레이스 113동 1003호','010-4225-3662','2020-02-04',1,1),(454,'김혜원','인천 미추홀구 토금남로 79 우성아파트 101동 1503호','010-5407-0303','2020-02-04',1,1),(455,'박은정','부산시 해운대구 반여4동 우방신세계타운 107동702호','010-3116-4568','2020-02-04',1,1),(456,'김정은','경기도 의왕시 바라산로75 골드클래스 104동 904호','010-8865-4665','2020-02-04',1,1),(457,'이지혜','전주시 완산구 온고을로121 광진아파트107-1505','010-9011-8240','2020-02-04',1,1),(458,'이세정','경북 포항시 북구 흥해읍 초곡지구58 82번지 화산샬레아파트105 2901호','010-5578-7623','2020-02-04',1,1),(459,'최명희','서울시 관악구 행운동 우성아파트 105동 311호','010-2697-7181','2020-02-04',1,3),(460,'박선하','제주시 이도이동 409-8 엘루체 501','010-9357-0513','2020-02-04',1,1),(461,'이경선','세종특별시 보람동 호려울마을5단지 503동102호 ','010-4342-0856','2020-02-04',1,1),(462,'박윤지','용인시 기흥로 38번길54 안골마을롯데캐슬 102동103호','010-7530-5097','2020-02-04',1,1),(463,'배나리','경북 구미시 문성로 30  서희스타힐스 108동 1904','010-6651-3698','2020-02-05',1,1),(464,'김효재','경기도 시흥시 배곧1로27-16 한라비발디캠퍼스2차211동 3701호','010-9923-1748','2020-02-05',1,1),(465,'박자람','부산 동래구 아시아드대로126번길 68-3 태건아시아드1차 903호','010-5479-5819','2020-02-05',1,1),(466,'윤미경','경북 구미시 산동면 신당4로 56 쌍용예가더파크 108도ㅇ 1402ㅎㅗ','010-3001-7738','2020-02-05',1,1),(467,'송정민','경기도 안산시 단원구 화정천서로 161 그린빌 11단지 1114동 1401호','010-9480-1982','2020-02-05',1,1),(468,'윤청민','충남 천안시 서북구 한들3로 100. 112-2002','010-7677-8652','2020-02-05',1,1),(469,'박솔아','세종특별자치시 누리로 27 첫마을6단지 608동 2404호','010-9813-1222','2020-02-05',1,1),(470,'신화정','서울시 성북구 하월곡동 228 꿈의숲 푸르지오 106동 1003호','010-7197-4787','2020-02-05',1,1),(471,'최승아','서울시 관악구 난곡로 24라길 21 아름채 102동 501호','010-2044-0035','2020-02-05',1,1),(472,'홍은영','경북 군위군 소보면 도군로 1832-4 신축주택','010-6286-8318','2020-02-05',1,1),(473,'안수빈','경기도 고양시 일산동구 정발산동 양지건영5단지 510-102','010-5390-1789','2020-02-05',1,1),(474,'박효경','경기 고양시 덕양구 신원로60  신원마을 4단지 401동 1301호','010-5207-9197','2020-02-06',1,1),(475,'박단비','포항시 북구 아치로 10, 101동 102호(우현동,우현우방아이유쉘센트럴)','010-6818-0402','2020-02-06',1,1),(476,'김한주','서울시 서대문구 홍은동 210 힐튼타운 A동 201호','010-8526-6952','2020-02-06',1,1),(477,'조희경','부산광역시 동구 수정동 1183-9번지 2층','010-5154-5451','2020-02-06',1,1),(478,'권상미','경기도 안양시 동안구 달안로 125 한가람두산아파트 106-1302','010-4674-3683','2020-02-06',1,1),(479,'이솔아','대전 대덕구 대덕대로 1587 107동 1802호','010-4451-1217','2020-02-06',1,1),(480,'안윤경','충남 천안시 서북구 불당 24로 10, 불당 리더힐스 305-2102','010-6380-6447','2020-02-06',1,1),(481,'김정민','서울시 강남구 논현로 209 도곡경남아파트 103동 1303호','010-9172-0399','2020-02-06',1,3),(482,'정아영','경기도 부천시 원미구 장말로107-1 1537동1005호','010-6563-3883','2020-02-06',1,1),(483,'임영주','사울 양천구 신목로5길23 선비꼬마김밥','010-4699-1026','2020-02-07',1,1),(484,'송하얀','대전광역시 중구 태평동 버드내아파트 139동 1801호','010-6541-3368','2020-02-07',1,3),(485,'석자영','전북 남원시 한우물길 28-24 , 101호','010-7233-5894','2020-02-07',1,1),(486,'송수진','서울시 강동구 동남로79길, 26, 고덕아이파크 112동 1201호','010-4590-5023','2020-02-07',1,3),(487,'김민지','세종시 새롬중앙로 89, 723-501','010-4963-9812','2020-02-08',1,1),(488,'박표아','경기도 광주시 회덕동 351-6 이원빌리지 302동 403호 ','010-2600-4443','2020-02-08',1,1),(489,'조정희',' 충남 아산시 음봉면 음봉로 515-38 포스코더샵레이크시티아파트 203동 1402호','010-5020-8759','2020-02-08',1,1),(490,'강유리','경기도 부천시 상동 547-1 코오롱이데아폴리스 A동 1405호','010-8226-8589','2020-02-08',1,1),(491,'신나라','경기도 군포시 송부로96번길 29 LH송정마을 501동 2205호','010-2927-2786','2020-02-08',1,1),(492,'이혜리','강원도 동해시 이도동 753 코아루 더 스카이 105동 703호','010-3662-6919','2020-02-08',1,3),(493,'정아인','인천광역시 강화군 강화읍 강화대로 191-14 (강화현대아파트)103-502','010-8640-5824','2020-02-08',1,1),(494,'최유리','서울 마포구 상암동 월드컵북로 481 / 1-623','010-6290-1675','2020-02-08',1,1),(495,'정혜지','경기도 하남시 위례중앙로 185 6304동 303호(학암동671 위례신도시엠코플로리체)','010-4664-2376','2020-02-08',1,1),(496,'이영민','경기도 안양시 동안구 평촌동 898-2 초원대림아파트 210동404호 ','010-8474-7890','2020-02-08',1,1),(497,'이진영','서울시 강북구 송천동 미아동부센트레빌 103동 901호','010-3591-0145','2020-02-09',1,1),(498,'우경희','경기도 구리시 장자대로 111번길 11 한일아파트 201-205','010-9179-7399','2020-02-09',1,1),(499,'김형진','울산시 북구 중산로48 일동미라주 105동 503호','010-4145-3696','2020-02-09',1,1),(500,'김지선','경기도 화성시 동탄 문화센타로 38 413동 901호','010-6762-0919','2020-02-09',1,1),(501,'김은영','대구 수성구 범어천로 200 202동302호','010-2868-3816','2020-02-09',1,1),(502,'박표아','경기도 광주시 회덕동 351-6 이원빌리지 302동 403호 ','010-2600-4443','2020-02-09',1,3),(503,'박진아','전북 완주군 이서면 갈산1로 12 전북혁신엘에이치아파트10단지 1007동 706호','010-6640-9559','2020-02-09',1,3),(504,'양윤영','경기도 광명시 신촌로49 101-1501','010-6235-5203','2020-02-09',1,1),(505,'김인혜','종로구 무악동60 인왕산아이파크 115동 1701호','010-3478-5221','2020-02-09',1,3),(506,'허현송','전남순천시왕궁길55,102-503','010-9525-1972','2020-02-09',1,1),(507,'김현정','경기도 평택시 비전동 1057-5 씨엘하우스 201호','010-3424-5644','2020-02-09',1,1),(508,'김형진','경기 성남시 수정구 위례중앙로 216 호반베르디움 5312동 203호 ','010-3756-3713','2020-02-09',1,1),(509,'이화정','서울 은평구 수색동 dmc자이 103동 702호','010-4830-8804','2020-02-10',1,1),(510,'정연경','부산광역시 부산진구 범천동 1055-1 라이포레603호','010-5879-0886','2020-02-10',1,1),(511,'정은희','서울시 노원구 노원로 28길15 중앙하이츠1차 102동 2207호','010-4403-0627','2020-02-10',1,1),(512,'조혜경','충청남도 아산시 둔포면 아산밸리중앙로 50 (아산테크노벨리이지더원1단지아파트)101동803호','010-9304-5080','2020-02-10',1,3),(513,'손혜원','서울 서대문구 천연동 천연뜨란채107동502호','010-3390-4808','2020-02-10',1,1),(515,'이지연','경기도 시흥시 조남동 721 시흥목감C1BL호반베르디움더클래스 1705동 703호 ','010-3790-5277','2020-02-11',1,1),(516,'장지은','서울 마포구 당인동 12-19현대타운 10-301','010-6745-6382','2020-02-11',1,1),(517,'권성희','경기도 화성시 동탄순환대로21길 53 롯데캐슬알바트로스 1303동 303호','010-8832-1105','2020-02-11',1,3),(518,'김은솔','대구달서구상인동1418번지행복빌리지501호','010-4065-6564','2020-02-11',1,1),(519,'임상택','인천 남동구 앵고개로815번길 70 소래휴먼시아1단지아파트 101동 1304호 ','010-9942-9895','2020-02-11',1,1),(520,'최은하','경기도 의왕시 장안중앙로 42  106-601','010-5114-3445','2020-02-11',1,1),(521,'김정은','부산시 북구 금곡대로 166 107동 2304호','010-2811-3855','2020-02-11',1,1),(522,'권윤정','옥정동로 106 금호제이드웰 2102동 2302호 ','010-6288-9797','2020-02-11',1,1),(523,'이나미','경북 구미시 신당3로16 우미린센트럴파크 103동1503호 ','010-9067-0845','2020-02-11',1,3),(525,'용지민','경기도 고양시 일산서구 일산로612 후곡 6단지 601동 1201호','010-5195-0848','2020-02-12',1,1),(526,'김보라','서울시 종로구 효자동 172-1 201호','010-3483-6871','2020-02-12',1,1),(527,'한은미','김포시 양촌읍 양곡3로155 더숲아파트308동 404호','010-5614-4252','2020-02-12',1,3),(528,'조용주','경기 남양주시 화도읍 수레로 1178 이안아파트 102동 604호','010-8742-4257','2020-02-12',1,3),(529,'박진아','인천시 부평구 안남로 269 푸르지오아파트 104동1001호','010-5506-0361','2020-02-12',1,3),(530,'김혜경','창원시 의창구 사화로90번길20  502ㅡ503원풍아파트','010-9062-9645','2020-02-12',1,3),(531,'최수영',' 목포시  해안로165번길41, 1층 Well.','010-7414-0305','2020-02-12',1,1),(532,'안진영','성북구 길음로 74   길음래미안 510동 1902호','010-2399-5028','2020-02-12',1,1),(533,'이소라','광주광역시 서구 화정로74번길 4-3, 206호','010-6797-1821','2020-02-12',1,1),(534,'이지현','경기도 성남시 분당구 정자동 69-9 303호','010-5717-1555','2020-02-12',1,1),(535,'김지혜','서울시 논현동 102-6 204호','010-2739-3956','2020-02-12',1,1),(536,'최수진','경기도 시흥시 배곧1로 27-15 한라1차 109-3603','010-3130-8556','2020-02-13',1,3),(537,'서병화','경기도 일산동구 하늘마을로 94 하늘마을 201동601호','010-5187-1476','2020-02-13',1,1),(538,'손영미','경기도 화성시 효행로 1337-23 이편한 세상 103-2802','010-3514-9294','2020-02-13',1,3),(539,'이은하','강원도 고성군 간성읍 수성로 37-12 율곡타운 102동 501호','010-4323-4407','2020-02-13',1,1),(540,'조희은','경기광주시 오포읍 신현리 946-2 동심그린빌 103동301호','010-2491-8759','2020-02-13',1,1),(541,'박혜진','대전 중구 당디로45 우성 111-401','010-2635-4619','2020-02-14',1,1),(542,'조효진','강북구 삼양로85길 21-4 남광하이빌3동 301호 ','010-8865-0483','2020-02-14',1,1),(543,'박지혜','서울시 금천구 범안로 1212 e편한세상 독산더타워 101동 2602호','010-8745-1379','2020-02-14',1,1),(544,'김윤경','경기도 안양시 만안구 안양천서로177 래미안 안양메가트리아 109동 2403호','010-6224-3874','2020-02-14',1,1),(545,'이지현','대구 수성구 명덕로 455 (수성동3가, 수성3가롯데캐슬아파트) 106동701호 ','010-9467-3219','2020-02-14',1,3),(546,'문운경','충남보령시 죽정동 유성1차105동403호','010-8796-7211','2020-02-14',1,1),(547,'여현주','경기도 화성시 봉담읍 수영로 61-14 신창101동603호','010-3507-6714','2020-02-14',1,3),(548,'송주연','서울특별시 광진구  광나루로56길 29 (현대프라임아파트)5동 301호','010-2231-0420','2020-02-14',1,1),(549,'서보국','경기 수원시 권선구 호매실로166번길 63 호매실스위첸 1903동 1604호','010-6695-2668','2020-02-16',1,1),(551,'장한솔','서울시 영등포구 선유로 277-16 팰리스빌 604호','010-5111-9300','2020-02-16',1,1),(552,'이윤희','대전 유성구 관평동 892.(대덕테크노벨리 7단지)710동 1002호','010-8946-6635','2020-02-16',1,1),(553,'이지혜','인천시 서구 가정로 387 신현이편한세상하늘채 118-1802','010-2858-4219','2020-02-17',1,1),(554,'한소엽','서울특별시 종로구 필운대로 63 4층','010-9470-3574','2020-02-17',1,1),(555,'이소희','서울시 송파구 석촌동 271-4 302호','010-4194-6211','2020-02-17',1,1),(556,'박정경','충북 청주시 상당구 무농정로 116-5 2층 뷰티염색방','010-4613-4147','2020-02-17',1,3),(557,'박예은',' 시흥대로150길 21-58 예전이룸아파트 102호','010-3625-8526','2020-02-17',1,1),(558,'추성엽','서울특별시 중랑구 사가정로72길 26 한양수자인사가정파크 107-1205','010-2676-4948','2020-02-18',1,1),(559,'안해영','경기도 화성시 동탄공원로 21-39, 973동 1401호','010-2277-1214','2020-02-18',1,3),(560,'이소연','인천광역시 남동구 백범로124번길 126, 401동 1204호','010-6233-9503','2020-02-18',1,1),(561,'허선미','경기도 시흥시 조남동 682 그레미움 1203동 1302호','010-7345-1252','2020-02-18',1,1),(562,'공민지','경기도 수원시 영통구 대학3로 55 광교참누리포레스트 7005-204','010-3545-3803','2020-02-19',1,3),(563,'이가현','대전광역시 유성구 자운로 97번길 431(육군대학아파트) 220동 201호','010-4435-3880','2020-02-19',1,1),(564,'송지영','서울시 영등포구 당산로203 (데시앙루브오피스텔)1515호','010-8985-2710','2020-02-19',1,1),(565,'김민주','경남 김해시 주촌면 천곡로26 106동1901호(김해센텀두산위브더제니스)','010-6265-2503','2020-02-19',1,1),(566,'김한밀','서울 광진구 자양동 650-2번지 101호','010-4485-0415','2020-02-20',1,1),(567,'백진식','부산시 사상구 낙동대로 1210번길 94 일루스타 1001호','010-4938-2734','2020-02-20',1,1),(568,'문보혜','경남 김해시 진영읍 진산대로 59 중흥s클래스 에코시티 114동 2105호','010-7750-4443','2020-02-21',1,1),(569,'김정남','서울시 마포구 서강로 95 창전삼성아파트 108동 601호','010-9497-2797','2020-02-21',1,1),(570,'이지은','경기도 김포시 김포한강11로 179 504동 1504호','010-7766-2342','2020-02-21',1,1),(571,'천선영','충남 당진시 무수동4길 30-23 스텔라306호','010-9601-8710','2020-02-21',1,1),(573,'정하은','광주 광산구 비아동 하남지구 호반아파트 102동 811호','010-8356-1559','2020-02-22',1,1),(575,'임영지','서울 종로구 통일로16길 4-1 올리비움 617호','010-9350-6331','2020-02-23',1,1),(576,'김선주','전남 여수시 소라면 죽림로 10 죽림부영1차@105동402호','010-9207-2830','2020-02-23',1,1),(577,'조성란','의왕시 안양판교로100 인덕원푸르지오 엘센트로 206동2503호','010-9448-9223','2020-02-23',1,1),(578,'김건령','경북구미시 옥계북로43-48 더힐아파트105동501호','010-5004-2170','2020-02-23',1,1),(579,'황지환','경북 영주시 장수면 반구로105 (주)베어링아트','010-4260-1723','2020-02-23',1,1),(580,'박경아','경기도 시흥시 은계중앙로325 어반리더스 102동1701호','010-9196-8239','2020-02-23',1,1),(581,'유지혜','부산시 남구 용호예가 105동 804호','010-5059-2353','2020-02-25',1,1),(582,'손선주','경남 창원시 석전남8길 40  메트로석전 105동 1202호','010-6771-8045','2020-02-25',1,1),(583,'강다영','경기도 하남시 미사강변브라운스톤 2405-904','010-5166-4124','2020-02-26',1,3),(584,'윤정현','충남 천안시 서북구 3공단6로123, 효성해링턴플레이스 108-2201','010-8845-3488','2020-02-26',1,1),(585,'이규호','서울시 서초구 남부순환로350길 29-11 304호','010-9045-5878','2020-02-26',1,1),(586,'박정혜','남부순환로95길54 삼환아파트 107동 504호','010-4742-1402','2020-02-27',1,1),(587,'이강희','경기도 가평군 청평군 청평중앙로 82번길 31','010-9144-1627','2020-02-27',1,1),(588,'김진선','경기도 평택시 동삭1로22번길 40(동삭동, 지제 더샵 센트럴파크) 308동 2104호','010-2238-4809','2020-02-27',1,3),(589,'윤지영','서운 서대문구 거북골로 84 dmc에코자이 108동 1503호','010-7520-9102','2020-02-27',1,1),(590,'경영란','인천 서구 가정로388 3층 산부인과','010-9244-4942','2020-02-27',1,1),(591,'장정현','서울시 금천구 범안로12길 29-3 덕산파크빌 602호','010-3646-5531','2020-02-28',1,1),(592,'허수지','부산시 부산진구 범천동 875-24 프렌빌 302호','010-3185-9498','2020-02-28',1,1),(593,'정희영','광주광역시 광산구 운남동 777-1 운남주공3단지아파트 310동602호','010-4915-2790','2020-02-28',1,1),(594,'임현주','인천시 연수구 랜드마크로19 SK뷰 103-2404','010-9983-6556','2020-02-29',1,1),(595,'정혜영 ','부산 동래구 충렬대로 428번길 49동부산아이존빌102동 ','010-9121-2455','2020-02-29',1,1),(596,'윤혜진','수원시 권선구 서둔동 371번지 센트라우스105동602호','010-9171-8885','2020-02-29',1,1),(597,'권혁준','서울시 아리랑로19가길21 201동 902호','010-8844-4511','2020-02-29',1,1),(598,'송영숙','충청북도 청주시 흥덕구 대농로55 201동 2901호','010-6546-8787','2020-03-01',1,1),(599,'김다유','충청북도 단양군 단양읍 별곡3로 39-17, 407호(도담에코빌)','010-2082-8079','2020-03-01',1,3),(600,'조정화','서울시 동대문구 용두래미안허브리츠 102동 1604호 ','010-2577-1779','2020-03-01',1,1),(601,'강수진','광주광역시 서구 치평동 상무시민로65,103동 806호','010-9661-7422','2020-03-01',1,1),(602,'남유경','서울시 성북구 길음로9길 40 래미안1단지 111동 1102호','010-6714-1988','2020-03-02',1,3),(603,'이은희','대전시 서구 월평동로45 진달래아파트 103동 1201호','010-9090-1895','2020-03-02',1,3),(604,'김나나','파주시 동패로28번길 24','010-7101-1643','2020-03-02',1,3),(605,'송효빈','서울시 송파구 송이로12길 11 송파성지아파트 101동 107호','010-9969-5079','2020-03-03',1,1),(606,'최준국','강원도 춘천시 안마산로133 112동 3004호 ','010-9342-3103','2020-03-03',1,1),(607,'김미정','대전시 서구 문정로 26 다온채 802호','010-5880-8697','2020-03-03',1,1),(608,'정현진','충남천안시동남구청당동980행정타운두산위브더파크115동703호','010-3843-3653','2020-03-03',1,3),(609,'김영진','부산사하구 다대낙조2길 100  롯데캐슬312동 904호 ','010-4169-0951','2020-03-04',1,1),(610,'이호준','세종시 달빛로 165 범지기 8단지 801동 303호','010-4654-8615','2020-03-04',1,1),(611,'박여주 ','세종시 새롬로55 새뜸마을 11단지 1106동 1401호 ','010-7551-3118','2020-03-04',2,1),(614,'장라현','울산광역시 울주군 범서읍 점촌5길 19, 더라이징 아파트 1102호','010-8889-7095','2020-03-04',1,1),(615,'이사라','경기 수원시 영통구 영통로498 128동1304호 (영통동,황골마을주공1단지아파트) ','010-4854-9973','2020-03-04',2,1),(616,'조운','경기도 안산시 단원구 원선로50 114동 906호','010-4135-4910','2020-03-05',1,1),(617,'박예슬','경기도 수원시 장안구 정자3동 연꽃마을 벽산아파트 425동 1004호','010-4715-0288','2020-03-05',1,1),(618,'김진희','모래내로 309 두산아파트 102동 904호','010-5278-6374','2020-03-05',1,1),(619,'곽민아','대구광역시 수성구 동대구로14길 62, 황실빌 203호','010-2189-0417','2020-03-05',1,1),(620,'옥예은','경남 거제시 아주2로2길 66-74 예조하우스 2차 202호','010-3571-3629','2020-03-05',1,1),(621,'조아라','경기도 성남시 분당구 운중동 1001-2','010-7377-6889','2020-03-05',1,1),(622,'전세미','서울시 은평구 대조동 186-45 h빌딩 802호','010-2363-3138','2020-03-06',1,3),(624,'임경주','경기도 고양시 일산동구 백마로 195 101동 911호','010-5255-3265','2020-03-06',1,1),(625,'정재환','경남 통영시 광도면 죽림해안로 74 (죽림리) 밈커피로스터스','010-2882-0398','2020-03-07',1,1),(626,'한미정','경기 수원시 팔달구 화서동 금강아파트151-1401','010-4307-7898','2020-03-07',1,1),(627,'장지영','경북 안동시 복주1길 15 (옥동, 세영아파트)104동 601호','010-6856-3047','2020-03-07',1,1),(628,'노은주','울산광역시 남구 신복로67 선경아파트 406호','010-4717-4331','2020-03-08',2,1),(629,'심수빈','충남 천안시 서북구 불당26로 77 102동1603호, 천안불당지웰더샵','010-6602-3469','2020-03-08',1,1),(630,'김주현','충남 천안시 동남구 신부동 방죽안휴먼시아 103동 1902호 ','010-3169-7973','2020-03-09',1,3),(631,'김현주','서울 영등포구 선유로43가길24, 102-2102','010-7463-1225','2020-03-09',2,1),(633,'권영','광주광역시 남구 노대동 835 송화마을휴먼시아603동901호','010-5601-1093','2020-03-09',1,3),(634,'박성민','부산시 기장군 일광면 학리등대로64-1','010-2889-4946','2020-03-10',1,1),(635,'이유성','충북 제천시 복합타운길 135 104동 1204호','010-4507-7199','2020-03-10',1,1),(636,'최지연','인천광역시 계양구 봉오대로743번길 8 (현대1차아파트) 101동 406호','010-8382-0224','2020-03-11',2,1),(637,'서주희','서울 노원구 덕릉로 517 건영2차 105동604호 ','010-7324-0982','2020-03-11',2,1),(638,'강다솜','강원도 원주시 반곡동 모아엘가 704동 1402호','010-2741-0606','2020-03-11',2,1),(639,'이소연','인천시 서구 봉수대로1440번길 19 동남디아망아파트 206동 602호','010-9318-2244','2020-03-11',1,1),(640,'양보윤','대구광역시 달서구 감삼동 23-13 한양하이츠 202호','010-2949-3339','2020-03-11',1,1),(641,'강효주','충북 청주시 상당구 서운동 48-7 해원','010-9322-7650','2020-03-12',1,1),(642,'이재희','경기 용인시 수지구 상현동 99 벽산블루밍아파트 104동 1204호','010-6475-9205','2020-03-12',1,1),(643,'김진산','경기도 성남시 중원구 자혜로17번길 16 112동 601호','010-4059-7958','2020-03-12',1,1),(644,'김보현','경기도 남양주시 진접읍 장현천로8 롯데캐슬아파트 102동 504호','010-9424-6215','2020-03-13',1,1),(645,'나지연','충북 청주시 흥덕구 서현중로61  베리굿3차 1211호','010-7469-6555','2020-03-13',1,1),(646,'최동은','경기도 수원시 영통구 영통로90번길 4-27 (늘푸른 벽산아파트) 101동402호','010-3143-6501','2020-03-13',1,1),(647,'한지연','서울시 고덕로38길 33-3, 다온팰리스501호','010-6720-0828','2020-03-13',1,1),(648,'신정은','경기도 안산시 상록구 이동 534-13','010-8756-3029','2020-03-14',1,3),(649,'김민정','충청남도 아산시 배방읍 공수리 1487번지 효성해링턴 플레이스 101동 1901호','010-5325-9389','2020-03-14',1,1),(650,'이예은','경기도 평택시 평택로17 롯데인벤스 101동 305호','010-6270-2649','2020-03-14',1,1),(651,'김지혜','경기도 김포시 사우로 51 (사우동, 김포사우아이파크) 104동1101호','010-5633-5092','2020-03-15',1,1),(652,'이아로','청주시 개신로 68 개신뜨란채 203-1306','010-2264-9264','2020-03-15',1,1),(653,'문현영','의정부시 장암동 장곡로226번길 83 장암더샵 103-1005호','010-7708-0764','2020-03-15',1,1),(654,'오수연','서울 구로구 가마산로 87 한일유앤아이아파트 103동 1501호','010-9150-7389','2020-03-15',1,1),(655,'손샘이','경기도 비전동 1080-2 라온하우스 201호','010-8642-3245','2020-03-15',2,1),(656,'장유진','경기도 용인시 기흥구 서천로 172번길 27 401호','010-5062-2660','2020-03-16',2,1),(657,'한현주','경상남도 양산시 호국학도병길 17 (양산북부동지안스로가아파트)103동904호','010-4848-1284','2020-03-16',1,1),(658,'이소영','대전광역시 서구 갈마동 796 201호','010-3395-2313','2020-03-16',1,3),(659,'김승현','경기도 부천시 양지남로68번길 25 (범박동 휴먼시아 212동1404호 ','010-3330-5196','2020-03-17',1,3),(660,'김지환','서울시 송파구 동남로225 삼성래미안파크팰리스아파트 110동1302호','010-8771-1309','2020-03-17',1,1),(661,'이근정','충남 아산시 황산길100-50 경찰대학 청람마루@102동501호','010-4911-9686','2020-03-18',1,1),(662,'안수연','서울 송파구 위례순환로477 2319동 805호','010-3101-7856','2020-03-18',1,1),(664,'홍소연','서울 동작구 상도2동 201-105 301호','010-8831-5016','2020-03-18',1,3),(665,'박나리','전남구례군구례읍동편제길42명지아파트101-1201','010-2071-0050','2020-03-19',1,1),(666,'박민희','인천광역시 남동구 운연천로9 행복주택1403동 902호','010-5652-3144','2020-03-19',1,3),(667,'강미경','대구시  수성구  신천동로 294  동로빌딩4층','010-3875-0505','2020-03-19',1,1),(668,'차히로','경기 수원시 권선구 동수원로145번길 73 (권선동, 수원아이파크시티3단지) 310동 103호','010-7515-7551','2020-03-19',1,1),(669,'윤지현','경기도 용인시 기흥구 중부대로 747번길 22-2 에코타운 101동 102호','010-8484-2242','2020-03-19',1,1),(670,'장윤형','대전 유성구 상대남로26 911동 804호','010-4568-9448','2020-03-20',1,1),(671,'심현지','인천시 연수구 랜드마크로 110 호반베르디움에듀시티 108동 3101호','010-9428-7691','2020-03-20',2,1),(672,'고채은','행신동 796 소만마을 1단지 105동 503호','010-5290-1046','2020-03-21',1,1),(673,'강유진','서울시 서초구 신반포로270 반포자이아파트 140동 1401호','010-9283-0902','2020-03-21',1,3),(674,'하동우','서울시 영등포구 여의대방로35가길 19 보라매sk뷰 107동 502호','010-5525-4588','2020-03-21',1,3),(675,'김미란','대전광역시 유성구 문지로 300 효성해링턴플레이스 106동 702호','010-9863-9933','2020-03-21',1,3),(676,'유성아','서울특별시 강남구 삼성동 159-8 파르나스타워','010-6223-7387','2020-03-21',1,1),(677,'허진희','경기도 수원시 영통구 영통로498(황골주공) 137동 301호','010-5011-2461','2020-03-22',1,3),(678,'김아영','부산시 동래구 사직로 16, 사직역삼정그린코아더베스트2차 203동 2801호','010-6301-9669','2020-03-22',1,1),(679,'이경혜','세종특별자치시  종촌동 649 가재마을7단지 713동501호','010-9937-9730','2020-03-22',1,3),(680,'김이언','경기도 하남시 덕풍서로 45 꽃뫼마을 207동 203호','010-4303-4040','2020-03-22',1,1),(682,'김지현','서울시 용산구 보광동 265-709 1층','010-4660-5439','2020-03-22',1,3),(683,'이미연','충남 공주시 우금티로 704, 덕성그린타운 101동 101호 ','010-6202-1953','2020-03-23',1,1),(684,'곽영옥','서울시강동구 아르테온아파트323동2001호','010-6288-4865','2020-03-23',1,1),(685,'염주영','서울시 동작구 매봉로123 본동삼성래미안@ 104-1202','010-6303-6053','2020-03-23',1,1),(686,'이윤정','충남 천안시 서북구 성성6로 21 시티자이 101동 2901호','010-9418-7260','2020-03-23',1,1),(687,'손정규','울산광역시 중구 유곡로80(혁신도시푸르지오) 505동1501호','010-8839-0573','2020-03-24',1,1),(688,'이인경','경북 구미시 문성로20 문성파크자이 109동 701호','010-8365-0210','2020-03-24',1,1),(689,'서규원','경기도 하남시 덕풍동 더샵센트럴뷰 104.1401','010-9315-1775','2020-03-24',1,1),(690,'김미숙','대전시 서구 갈마동 319-13번지(대경)401호','010-5401-5981','2020-03-24',1,1),(691,'기주희','대전광역시 유성구 배울2로24 305동902호','010-5029-9454','2020-03-24',1,1),(692,'강성경','경기도 부천시 조마루로 104 하얀마을 2611동1702호','010-8958-3537','2020-03-25',1,1),(693,'김은화','강원도 속초시 영랑로4길10 B동205호','010-9515-6461','2020-03-25',1,1),(694,'박주연','경기도 의정부시 가능동 622-13 203호','010-9559-0122','2020-03-25',1,3),(695,'조안나','여수시 웅천남1로 99 포레나더테라스 204동 402호','010-4911-8410','2020-03-26',1,3),(696,'최새미','경기도 화성시 능동 1282 서동탄역파크자이 1차 111동 1502호','010-8716-9813','2020-03-26',1,1),(697,'손효진','경북 문경시 흥덕3길 15-4','010-9595-2363','2020-03-27',1,1),(698,'이지예','부산광역시 해운대구 해운대로469번길 110 (해운대자이2차)103동 2801호','010-7942-7509','2020-03-27',1,1),(699,'이은실','경기도 수원시 영통구 센트럴파크로 127번길 152, 1층 카페라파즈','010-2313-1904','2020-03-29',1,1),(700,'강보람','부산 동래구 낙민동 낙민아라빌103동701호','010-9495-5278','2020-03-29',1,1),(701,'이은영','전남 화순군 화순읍 일심2길 5  301호','010-6662-9513','2020-03-30',1,1),(702,'박은지','경기도 안양시 동안구 학의로46 205-304','010-9235-6081','2020-03-30',1,1),(703,'노하나','대구시 달서구 진천로7길 47 세광그린 101-503','010-3808-7443','2020-03-30',2,1),(704,'이수아','인천광역시 연수구 송도동 4-1','010-9360-1205','2020-03-30',2,1),(705,'박지나','청주시 용암동 중고개로 104 칸타빌더테라스 2단지 201동 802호','010-7239-9060','2020-03-31',1,1),(706,'전부원','경남 창원시 진해구 행암로 25, 118동 1402호','010-3266-4577','2020-03-31',2,1),(707,'이은정','경기도화성시 여울로4길31-4번지 202호','010-7754-5172','2020-04-01',1,1),(708,'최슬','부산광역시 부산진구 중앙대로969번길 11 롯데갤러리움 102-411','010-4566-2396','2020-04-01',1,3),(709,'이은진','서울특별시 성동구 사근동길65 하이츠아파트 101동 406호','010-4161-2084','2020-04-01',1,1),(710,'나서연','경기도 고양시 일산서구 하이파크3로 61,415동 705호','010-9846-0317','2020-04-01',1,1),(711,'오조배','서울시 성동구 독서당로187, 옥수극동상가 404호','010-8822-9162','2020-04-02',1,1),(712,'김태영','서울 강남구 헌릉로590길 63 강남데시앙파크 508-601','010-9422-9774','2020-04-02',1,1),(713,'최현희','신정중앙로16길 7 102호','010-3217-8617','2020-04-02',1,1),(714,'김계영','대구 동구 안심로73길 22 신서롯데캐슬 102동 901호','010-9092-4658','2020-04-03',1,1),(715,'오지향','서울시 양천구 목동중앙서로7나길 11-12 302호','010-2977-8895','2020-04-03',1,1),(716,'오나경','강원도 춘천시 후석로 325 포스코더샵아파트 110동 502호','010-5021-2075','2020-04-03',1,1),(717,'이화영','서울 성동구 마장로26길 13 502호','010-9203-2327','2020-04-03',1,1),(718,'김경호','부산광역시 사상구 백양대로372-22 반도보라매머드타운 106동2303호','010-9619-9018','2020-04-03',2,1),(719,'최혜령','경기도 의정부시 동일로 400, 신곡우성아파트 103동 507호','010-8288-6084','2020-04-04',1,1),(720,'김미희','경기도 광주시 오포읍 양우내안애 101동 701호','010-9063-7771','2020-04-04',2,1),(721,'강지민','서울특별시 강동구 상암로81길 7, 101-1803','010-9503-8732','2020-04-04',1,1),(722,'홍채은','서울시 구로구 구로동1260 이화우성아파트 103동 306호','010-4253-3524','2020-04-04',1,1),(723,'조윤정','경북 경주시 양북면 감은로 155 한수원푸르뫼사택 203동 101호','010-4620-4816','2020-04-05',1,1),(724,'김희정','경기도 부천시 양지남로 68번길 25 201동 1204호','010-8817-7786','2020-04-05',1,1),(725,'장세진','울산 북구 매곡본길 54 현대으뜸타운 104동 1101호','010-7565-2852','2020-04-05',1,1),(726,'이지희','전남 나주시 남평읍 우산리 862-12(광미농원)','010-3368-4888','2020-04-06',1,1),(727,'이우진','경기도 김포시 구래동 나비마을리슈빌 206동 1703호','010-5950-5444','2020-04-06',2,1),(728,'이혜영','대구광역시 수성구 만촌동 1088-9 대송전원마을','010-4701-5447','2020-04-07',1,1),(730,'조현숙','서울시 은평구 진관4로 78-7 (진관동,은평뉴타운 상림마을)603동 602호','010-4746-1416','2020-04-08',2,1),(731,'김민지','대전광역시 서구 탄방동 산호아파트 103동 307호','010-4130-3341','2020-04-08',1,1),(732,'김지현','인천시 서구 옻오물로 9,어반스뷰 1302호','010-3036-5896','2020-04-08',1,1),(733,'박유나','서울시 양천구 목동중앙북로16길 101','010-5654-2462','2020-04-08',2,1),(734,'김지영','28792 충청북도 청주시 서원구 1순환로1137번길 129(분평동, 주공2단지아파트) 206동 1902호','010-6804-6885','2020-04-09',1,1),(735,'전수현','경기도 기흥구 강남서로 68번길 7-9 (구갈동552) 승연가 105호','010-7244-4592','2020-04-11',1,1),(736,'김윤리','서울시 용산구 이촌로347 신동아 1-1005호','010-8947-3207','2020-04-12',1,1),(737,'권혁준','서울시 성북구 고려대로8길25 1F 제이오퍼','010-8844-4511','2020-04-13',2,1),(738,'권서현','경북 경주시 양북면 감은로155 푸르뫼사택 405동201호','010-9940-5489','2020-04-13',1,1),(739,'전가람','인천광역시 서구 청라한울로96 풍경채2차 334동 1105호','010-8927-0738','2020-04-15',1,1),(740,'김지영','경기도 고양시 덕양구 신원2로 50 707동 1501호','010-5058-4011','2020-04-15',1,1),(741,'김진아','경기도 화성시 청계동 538 센트럴 푸르지오 1331동 1402호','010-2676-8982','2020-04-15',2,1),(742,'김세나','울산광역시 북구 명촌17길 22 (울산명촌 효성해링턴 플레이스)8201동802호 ','010-8691-2007','2020-04-16',1,1),(743,'박순교','포항시 우창동로 157금호어울림 101동103호','010-4317-7777','2020-04-16',1,1),(744,'신효정','강원 춘천시 동면 삭주로 231. 두산위브101 1204 ','010-6705-3020','2020-04-16',1,1),(745,'임양림','서울시 강동구 성내동 434-17성광주택 401호','010-6280-4128','2020-04-17',1,1),(746,'김다영','경기 시흥시 배곧3로 27-7 sk뷰 711-1201','010-4919-6032','2020-04-17',1,3),(747,'안혜연','서울시 구로구 시흥대로 551 광희빌딩4층 연세봄빛피부과','010-9902-4053','2020-04-17',1,1),(748,'이창의','경북 경주시 양북면 감은로 155 한수원푸르뫼사택 203-101','010-2877-1520','2020-04-19',1,1),(749,'함희지','서울시 영등포구 가마산로 540 바다마을아파트 102동 1203호','010-8592-1511','2020-04-19',1,1),(751,'남영철','서울 은평구 증산로3길 8-25 미라벨 501호','010-9504-4060','2020-04-20',2,1),(752,'최아름','송파구 송파동39 401호','010-9149-4193','2020-04-21',1,1),(753,'지영미','충남 천안시 서북구 성정동 1322번지 프라지움3차 704호','010-2382-1221','2020-04-21',1,1),(754,'권정연','전주시완산구홍산4길10   3층','010-6608-2166','2020-04-21',1,3),(755,'손윤애','부산 강서구 지사동 협성엘리시안 107동 502호','010-3174-9611','2020-04-22',1,1),(756,'김은지','전남 영광군 홍농읍 홍농로 546 28동 402호','010-4498-9085','2020-04-22',1,3),(757,'송은숙','경기도 안양시 동안구 안양판교로 42 인덕원삼성아파트 105동 1703호','010-8943-9449','2020-04-23',1,1),(758,'정희경','부산강서구 명지동 3234번지 두산위브포세이돈 111동705호','010-2504-2556','2020-04-24',2,1),(759,'김효진','경기도 평택시 고덕국제대로 179 제일풍경채 131동 1702호','010-8954-0627','2020-04-24',1,1),(760,'강예지','충청북도 청주시 흥덕구 사운로 335 4동 803호','010-4332-2673','2020-04-24',1,1),(761,'정보윤','대구광역시 달성군 화원읍 명천로 243 507동 405호','010-8892-7008','2020-04-24',1,1),(762,'정은영','세종특별자치시 달빛로77 713동 2503호 ','010-2103-7075','2020-04-25',1,1),(763,'장지혜','강남구 영동대로 607 랜드마크빌딩 3층 301호','010-5387-2226','2020-04-25',1,3),(764,'김정수','서울특별시 노원구 월계로45가길 89 (월계청백3단지아파트)301동 1504호','010-3000-3881','2020-04-26',1,3),(765,'이다영','경기도 의정부시 민락로 211 110동1401호','010-9701-1050','2020-04-26',1,1),(766,'안효진','경상남도 김해시  김해대로 2326 (부원역푸르지오아파트) 103동 205호','010-4545-0730','2020-04-26',1,1),(767,'김세진','경기도 용인시 수지구 수풍로 13 삼성1차아파트 105동 403호','010-8732-7831','2020-04-27',1,1),(768,'엄진영','서울시 동작구 동작대로29길 119 극동아파트 111동 1515호','010-7343-0704','2020-04-28',1,3),(769,'백현성','세종시 보람로 95 도램마을1313-901','010-8708-0210','2020-04-28',1,3),(770,'김은영','대전 유성구 봉명동 677-5 레자미리버뷰시티 1106호','010-3266-6387','2020-04-28',1,3),(771,'김혜민','서울시 광진구 뚝섬로41길 20 106동 303호(자양동, 우성아파트)','010-8772-3631','2020-04-28',1,1),(772,'설진경','경기도 성남시 분당구 동판교로 275 110동 902호','010-8946-8437','2020-04-30',1,1),(773,'김가영','부산시 수영구 광안동 544-4 제이하우스 303호','010-5180-5644','2020-04-30',1,1),(774,'김경민','송파대로 345','010-8942-3741','2020-04-30',1,1),(775,'박지현','부산 해운대구 마린시티3로 1,2002호','010-8559-6708','2020-04-30',1,3),(776,'이수진','대구광역시 동구 신천동 621 신천휴먼시아5단지 504동 705호','010-6582-7220','2020-05-01',2,1),(777,'문명지','서울특별시 구로구 오류동 64-28 오류동행복주택','010-8848-4501','2020-05-02',2,3),(778,'현수진','대구광역시 달서구 갈밭남로 64, 304동503호','010-9317-1848','2020-05-03',1,1),(779,'정세영','서울시 은평구 응암로30길 16, 백련산SK아이파크 111동 609호','010-9336-4879','2020-05-03',1,1),(780,'주유경','경기 용인시 기흥구 기흥역로58번길 56 (구갈동, 기흥역파크푸르지오) 306동 606호','010-5590-4175','2020-05-04',1,1),(781,'이진형','경기도 포천시 소흘읍 태봉로227 203-1402','010-8799-1599','2020-05-04',1,1),(782,'김영미','서울 종로구 경희궁 1길 32 신문로하우스 201호 와이큐 ','010-7332-7340','2020-05-04',1,1),(783,'정연희','대구 달서구 용산동 성지로 42 성지타운 803동 1802호','010-3659-4517','2020-05-05',1,1),(784,'황순주','경북안동시 길주길101-12용상동현대아파트 209동1201호','010-2544-6431','2020-05-06',1,1),(785,'조이정','경기도 안산시 상록구 안산천남1로 70 209-1003','010-3792-8455','2020-05-06',1,1),(786,'최영균','전라북도 군산시 궁포2로 20 푸르지오 206동 402호','010-5823-5178','2020-05-06',1,3),(787,'정지윤','서울특별시 서초구 양재대로2길 서초힐스 212동 605호','010-2539-5798','2020-05-06',1,1),(788,'현오정 ','대구시 북구 고성북로34 오페라트루엘시민의숲 101동706호','010-9848-8573','2020-05-06',1,1),(789,'정현주','경남 밀양시 미리벌 중앙로 5, 한성 사랑채 뷰102동204호','010-9083-3173','2020-05-06',1,3),(790,'최훈채','대구시 서구 중리동 1090-11','010-8588-8633','2020-05-07',1,1),(791,'김나윤','(02082) 서울특별시 중랑구 상봉중앙로1다길 21(상봉동, 우정아파트) 101동 1701호','010-5208-3793','2020-05-07',1,1),(792,'김슬기','서울특별시 영등포구 선유로9길 30 문래롯데캐슬 102동 1402호','010-2662-3716','2020-05-07',1,3),(793,'임하나 ','경기도 남양주시 별내동 900 대원칸타빌 2405동 702호','010-4668-8424','2020-05-07',1,3),(794,'이수지','충남 서천군 서천읍 서천로78 올리비아로렌 서천점','010-4106-8182','2020-05-10',1,1),(795,'김현아','경기도 파주시 번영로55 새꽃마을 120동 701호','010-5378-3563','2020-05-10',2,1),(796,'김정민','경기 남양주시 진접읍 해밀예당1로236번길 10-13 302호','010-9680-1866','2020-05-10',1,1),(797,'정연설','안산시 단원구 초지동 731 호수마을아파트 128동 1401호 ','010-6658-6828','2020-05-12',1,3),(798,'최고은','서울시 동작구 양녕로22바길 16 301호','010-4581-6198','2020-05-13',1,1),(799,'구혜영','인천시 미추홀구 노적산로43. 학익두산위브 101동 2601호','010-2562-2123','2020-05-14',1,1),(802,'김현정','서울 서초구반포동 2-12 110-704','010-3808-2142','2020-05-16',1,3),(803,'이정은','전북 전주시 덕진구 만성동로16 엘에이치퍼스트리움 101동 1304호','010-7351-7388','2020-05-18',1,1),(804,'김보미','광주광역시 서구 쌍촌로 65번길 34 거성랜드오피스텔 304호','010-3122-0674','2020-05-18',1,3),(805,'오준혁','광주광역시 남구 효천중앙로35 lh3단지 302동 1003호','010-2894-0510','2020-05-18',1,3),(806,'양아름','대구 북구 학정로110길 29 105동 803호','010-6662-6077','2020-05-19',1,3),(807,'박선화','경상남도 김해시 활천로 181 (어방동원아파트) 502동 1501호','010-4376-2024','2020-05-19',1,3),(808,'전지현','인천시 연수구 먼우금로83번길 12(동춘동, 건영아파트)125동 103호','010-3933-3173','2020-05-21',1,1),(809,'백지원','서울시 중랑구 망우동 508-14 문수해오름아파트 101동 903호','010-9132-7875','2020-05-22',2,1),(810,'송지은','인천광역시 부평구 장제로 381번길 17 성용빌라b동 302호','010-4614-2790','2020-05-22',1,3),(811,'서수연','경기도 과천시 관문로 106  푸르지오써밋 116동 1004호','010-8850-7160','2020-05-22',1,3),(812,'박민희','대전 중구 충무로 107번길 100 센트럴자이아파트 201동 302호','010-6686-8563','2020-05-23',1,1),(813,'김정호','경기도 의정부시 의정로 191-12 2층 첫번째','010-9265-2515','2020-05-24',1,1),(814,'고경민','경기도 성남시 분당구 수내로 206 302-301','010-3290-7460','2020-05-24',1,1),(815,'정수정','평택시 평남로 737 한빛아파트 104-701','010-3233-8158','2020-05-24',1,1),(816,'이은서','경기도 과천시 별양로12 330동 1902호','010-2534-1250','2020-05-25',1,1),(817,'김보민','경기도 고양시 덕양구 화신로 105, 2308동 1802호 ','010-2313-8925','2020-05-25',1,3),(818,'김진성','서울 종로구 숭인동길21 종로청계힐스테이트 104동 1704ㅎ','010-9014-1981','2020-05-25',1,1),(819,'김예진','경기도 의왕시 내손중앙로 11 내손이편한세상 1108동 1001호','010-2751-3278','2020-05-25',1,1),(820,'오영하','서울시 관악구 관악로 146, 1층 선경인쇄','010-4011-6925','2020-05-25',1,1),(821,'최선경','서울시 송파구 올림픽로99 잠실엘스 139-602','010-9308-1635','2020-05-25',1,3),(822,'강은정','경기도 안양시 만안구 안양로 96, 101동 2404호','010-9191-9149','2020-05-26',1,1),(823,'유수향','서울특별시 광진구 중곡동 231-7 바론채 301호','010-5694-0219','2020-05-26',1,1),(824,'방애희','서울시 강남구 광평로34길 55, 109동 1204호 (수서동, 강남데시앙포레아파트)','010-5278-9983','2020-05-26',1,1),(825,'정새봄 ','경기도 평택시 신흥1로 67 용이이편한세상 105동 801호','010-9151-2885','2020-05-27',2,1),(826,'나하나','경기도 하남시 감일로 86 스윗시티 105동 1703호','010-4640-1988','2020-05-27',2,3),(827,'나유선','경기도 양주시 고암길 354 봉우마을 주공5단지 아파트 514동 603호','010-2976-4509','2020-05-27',1,1),(828,'강지혜','수원시 장안구 영화로25번길27,엑스포빌라B동301호','010-7712-1096','2020-05-27',1,1),(829,'김병효','경기도 하남시 위례순환로 270 위례그린파크푸르지오 6511-1904호','010-2561-5798','2020-05-27',1,1),(830,'윤진영','전남함평군대동면대동길149-16','010-3611-9893','2020-05-29',1,1),(831,'홍다영','부산광역시 사하구 신산북로 67번길 38 신그린빌라 302호','010-4602-5177','2020-05-31',1,3),(832,'박정미','서울특별시 도봉구 해등로25길 36','010-2315-4565','2020-06-01',2,1),(833,'박다인','서울 광진구 화양동 527번지 kcc파크타운 1508호','010-9940-9382','2020-06-01',2,1),(834,'편화정 ','서울특별시 관악구  성현로 80 (관악드림타운아파트)127동2301호','010-4052-7090','2020-06-03',1,1),(835,'정희라','전북 완주군 삼례읍 원신금 1길 10-9','010-5025-8935','2020-06-03',1,3),(836,'이세진','전하남도 나주시 빛가람로800 부영3차 310동 701호','010-5584-9179','2020-06-03',1,3),(837,'김여진','경주시 양북면 감은로 155 푸르뫼사택 301동 402호','010-9105-4869','2020-06-04',1,1),(838,'박은주','서울시 용산구 청파동1가 84-2 블레스하임아이 A동 501호','010-2636-5668','2020-06-04',1,1),(839,'김현경','경남 진주시 금산면 중천로 82 (장사리,금산아이파크아파트) 110동903호','010-4176-7102','2020-06-04',1,1),(840,'전혜인','경남 창녕군 .읍 조산서재골로 17 이원 102-703','010-2833-1597','2020-06-05',1,1),(841,'서가영','천안 서북구 직산읍 부송3길 23-31  원광이앤지','010-8959-5889','2020-06-05',1,3),(842,'김민정','서울시 서대문구 연희동 740번지 성원아파트 104동 1905호','010-6507-1140','2020-06-07',1,3),(843,'최수빈','경기도 안산시 단원구 광덕동로 25 (안산레이크타운푸르지오) 110동 2401호','010-2998-0073','2020-06-07',1,1),(844,'최정아','서울 강남구 언주로 420 역삼자이아파트 103동 304호','010-5136-9592','2020-06-07',1,1),(845,'김민서','대구시 서구 중리동 26-1, 중리롯데캐슬 114-703','010-5678-8475','2020-06-08',1,3),(846,'이아름','충북 청주시 흥덕구 송절동 테크노폴리스 지웰아파트 105-1002','010-4822-2217','2020-06-08',1,1),(847,'김현지','경기도 성남시 분당구 동판교로 212 602동 210호','010-8743-6034','2020-06-09',2,1),(848,'하미선','경기 일산동구 무궁화로 255 104동 304호','010-9046-7789','2020-06-09',1,1),(849,'명웅','경기도 의왕시 경수대로 262 서해그랑블 102동 4003호','010-3009-5135','2020-06-10',2,1),(850,'박선화','서울 송파구 문정동 150-32 청기와빌딩 지하1층 ','010-8920-8573','2020-06-10',1,1),(851,'임하나','경기도 고양시 덕양구 신원1로 70, 1007동 1402호(신원동, 동일스위트2차)','010-6300-1177','2020-06-11',2,1),(852,'김연정','부산시동래구충렬사로39동래화목타운 106동102호','010-5912-0279','2020-06-11',2,1),(853,'정나라','광주광역시 광산구 용아로297번길 17 어등산대방노블랜드 102동 1003호','010-4606-5576','2020-06-11',1,3),(854,'윤소연','경기도 광주시 곤지암읍 경충대로493길 45-19 B 401호','010-2214-0171','2020-06-15',1,1),(855,'김안나','청주시 상당구 목련로 64 예사랑병원','010-5406-2975','2020-06-15',1,1),(856,'김은아','경기도 이천시 창전동 영창로 239 1층 반달커피 ','010-4380-4348','2020-06-15',1,1),(857,'김선희','서울시 강남구 도곡동 542-10 305호','010-4756-5761','2020-06-15',1,1),(858,'권민서','경기도 김포시 풍무로 96번길 42 자이 아파트 506동 1401호','010-5557-2091','2020-06-16',1,1),(859,'김희숙','대구광역시테크노북로2길9 일동미라주 110/1101','010-2875-6157','2020-06-16',1,3),(860,'홍주연','경기도 고양시 덕양구 도래울로85 212-2103','010-2681-2993','2020-06-16',1,1),(861,'김서유','경기도 의정부시 호원동446 우성아파트 101-101','010-6382-7240','2020-06-16',1,1),(862,'김미연','경기도 화성시 동탄대로22길 9, 637동 1103호','010-8970-2401','2020-06-17',1,1),(863,'심채윤','갈현로118 302호','010-3615-6051','2020-06-17',1,1),(864,'배진실','충남 천안시 서북구 두정동 63-6 두정역효성헤링턴 104동2302호','010-3582-2302','2020-06-17',1,1),(865,'윤혜진','김해시 월산로 112-34  sk뷰 1003동 1901호','010-2281-4878','2020-06-18',1,1),(866,'이다은','김포한강1로 57 mj프라자 2층 디아르떼보스','010-4481-1867','2020-06-18',1,3),(867,'김안나','충청북도 청주시 상당구 목련로 64 예사랑병원','010-5406-2975','2020-06-19',1,3),(868,'윤혜진','김해시 월산로 112-34  sk뷰 1003동 1901호','010-2281-4878','2020-06-19',1,3),(869,'추민자','성남시 분당구 무지개로 144, 무지개마을 5단지 청구아파트 502동 1001호','010-9457-4898','2020-06-19',1,3),(870,'조혜영','서울시 강서구 화곡3동 1011-6희훈리치파크 101-509','010-2640-2966','2020-06-19',1,1),(871,'강영미','울산광역시 남구 대공원로 99번길 38  201동 307호','010-9370-1890','2020-06-19',1,1),(872,'이수연','경기도 고양시 일산동구 숲속마을1로 55 두산위브 2단지 201동 801호','010-6664-4422','2020-06-19',1,1),(873,'이은숙 ','경기도 남양주시 다산지금로123번길 17 7203동1801호 다산신안인스빌퍼스트포레 ','010-7377-3777','2020-06-20',1,1),(874,'민하','서울특별시 서대문구 명물길33 3층샾머무르다','010-9049-5195','2020-06-21',1,1),(875,'주성호','대전 유성구 은구비남로 34 815-1003','010-4301-0110','2020-06-21',1,3),(876,'임진경','청주시 서원구 분평동 분평주공4단지 415-1106','010-4141-9805','2020-06-23',0,1),(877,'이현주','서울시 강북구 솔샘로 159 벽산라이브파크 113동 201호','010-4151-7169','2020-06-23',0,1),(878,'나희경','경기도 화성시 반정동 609-2','010-3095-3613','2020-06-23',0,1);
/*!40000 ALTER TABLE `SAMPLE_REQUEST_LIST` ENABLE KEYS */;
UNLOCK TABLES;

--
-- Table structure for table `TAG`
--

DROP TABLE IF EXISTS `TAG`;
/*!40101 SET @saved_cs_client     = @@character_set_client */;
/*!40101 SET character_set_client = utf8 */;
CREATE TABLE `TAG` (
  `Id` int(11) NOT NULL DEFAULT '0',
  `Review_id` varchar(20) DEFAULT NULL,
  `Name` varchar(50) DEFAULT NULL
) ENGINE=InnoDB DEFAULT CHARSET=utf8;
/*!40101 SET character_set_client = @saved_cs_client */;

--
-- Dumping data for table `TAG`
--

LOCK TABLES `TAG` WRITE;
/*!40000 ALTER TABLE `TAG` DISABLE KEYS */;
/*!40000 ALTER TABLE `TAG` ENABLE KEYS */;
UNLOCK TABLES;

--
-- Table structure for table `TRAVEL_ITEM`
--

DROP TABLE IF EXISTS `TRAVEL_ITEM`;
/*!40101 SET @saved_cs_client     = @@character_set_client */;
/*!40101 SET character_set_client = utf8 */;
CREATE TABLE `TRAVEL_ITEM` (
  `Id` int(11) DEFAULT NULL,
  `Name` varchar(100) DEFAULT NULL,
  `Description` varchar(500) DEFAULT NULL,
  `Pic` varchar(100) DEFAULT NULL,
  `Type` int(11) DEFAULT NULL
) ENGINE=InnoDB DEFAULT CHARSET=utf8;
/*!40101 SET character_set_client = @saved_cs_client */;

--
-- Dumping data for table `TRAVEL_ITEM`
--

LOCK TABLES `TRAVEL_ITEM` WRITE;
/*!40000 ALTER TABLE `TRAVEL_ITEM` DISABLE KEYS */;
INSERT INTO `TRAVEL_ITEM` VALUES (1,'키친아이템1','키친아이템1 입니다','img/111.jpg',1),(2,'키친아이템2','키친아이템2 입니다.','img/1.png',1),(3,'키친아이템3','키친아이템3 입니다.','img/11.png',1),(4,'리빙룸아이템1','리빙룸아이템1 입니다.','img/1111.jpg',2),(5,'리빙룸아이템2','리밍룸아이템2 입니다.','img/123.jpg',2),(6,'리빙룸아이템3','리빙룸아이템3입니다.','img/2.png',2);
/*!40000 ALTER TABLE `TRAVEL_ITEM` ENABLE KEYS */;
UNLOCK TABLES;

--
-- Table structure for table `TRAVEL_REQUEST_LIST`
--

DROP TABLE IF EXISTS `TRAVEL_REQUEST_LIST`;
/*!40101 SET @saved_cs_client     = @@character_set_client */;
/*!40101 SET character_set_client = utf8 */;
CREATE TABLE `TRAVEL_REQUEST_LIST` (
  `Order_num` int(11) DEFAULT NULL,
  `Name` varchar(20) DEFAULT NULL,
  `Address` varchar(20) DEFAULT NULL,
  `Mobile` varchar(14) DEFAULT NULL,
  `Order_date` date DEFAULT NULL,
  `State` int(11) DEFAULT NULL,
  `area_type` varchar(100) DEFAULT NULL,
  `area_size` varchar(100) DEFAULT NULL,
  `add_room` int(11) DEFAULT NULL,
  `living_expand` int(11) DEFAULT NULL,
  `construct_date` varchar(50) DEFAULT NULL,
  `entrance` int(11) DEFAULT NULL,
  `livingroom` int(11) DEFAULT NULL,
  `bedroom` int(11) DEFAULT NULL,
  `kitchen` int(11) DEFAULT NULL,
  `bathroom` int(11) DEFAULT NULL
) ENGINE=InnoDB DEFAULT CHARSET=utf8;
/*!40101 SET character_set_client = @saved_cs_client */;

--
-- Dumping data for table `TRAVEL_REQUEST_LIST`
--

LOCK TABLES `TRAVEL_REQUEST_LIST` WRITE;
/*!40000 ALTER TABLE `TRAVEL_REQUEST_LIST` DISABLE KEYS */;
INSERT INTO `TRAVEL_REQUEST_LIST` VALUES (1,' test','대구광역시 북구 침산동','01025371122','2019-12-27',0,'supplyArea','108',1,1,'2019-12-28',2,3,4,1,1),(2,' test2','대구광역시 북구 침산동','01025371122','2019-12-27',0,'supplyArea','108',1,1,'2019-12-28',2,3,4,1,1),(3,'테스트','테스트','01012345678','2019-12-27',0,'supplyArea','92',0,0,'0',4,4,4,4,1),(4,'테스트4','대구광역시 북구 침산동','01012345678','2020-01-05',0,'supplyArea','92',0,0,'0',1,1,2,2,1),(5,'배성후','달서구  상인동','01045242323','2020-01-06',0,'supplyArea','158',3,1,'0',1,2,2,2,1);
/*!40000 ALTER TABLE `TRAVEL_REQUEST_LIST` ENABLE KEYS */;
UNLOCK TABLES;

--
-- Table structure for table `TRAVEL_TYPE`
--

DROP TABLE IF EXISTS `TRAVEL_TYPE`;
/*!40101 SET @saved_cs_client     = @@character_set_client */;
/*!40101 SET character_set_client = utf8 */;
CREATE TABLE `TRAVEL_TYPE` (
  `Id` int(11) DEFAULT NULL,
  `Name` varchar(20) DEFAULT NULL
) ENGINE=InnoDB DEFAULT CHARSET=utf8;
/*!40101 SET character_set_client = @saved_cs_client */;

--
-- Dumping data for table `TRAVEL_TYPE`
--

LOCK TABLES `TRAVEL_TYPE` WRITE;
/*!40000 ALTER TABLE `TRAVEL_TYPE` DISABLE KEYS */;
INSERT INTO `TRAVEL_TYPE` VALUES (1,'키친'),(2,'리빙룸');
/*!40000 ALTER TABLE `TRAVEL_TYPE` ENABLE KEYS */;
UNLOCK TABLES;

--
-- Table structure for table `USERS`
--

DROP TABLE IF EXISTS `USERS`;
/*!40101 SET @saved_cs_client     = @@character_set_client */;
/*!40101 SET character_set_client = utf8 */;
CREATE TABLE `USERS` (
  `ID` int(11) NOT NULL AUTO_INCREMENT,
  `SITE_ID` varchar(20) DEFAULT NULL,
  `PW` varchar(120) DEFAULT NULL,
  `USERNAME` varchar(50) DEFAULT NULL,
  `EMAIL` varchar(50) DEFAULT NULL,
  `ADDR` varchar(100) DEFAULT NULL,
  `PHONE` varchar(11) DEFAULT NULL,
  `NICKNAME` varchar(50) DEFAULT NULL,
  `SNS_ID` varchar(255) DEFAULT NULL,
  `SNS_TYPE` varchar(10) DEFAULT NULL,
  `CREATE_DATE` datetime DEFAULT NULL,
  `MODIFY_DATE` datetime DEFAULT NULL,
  `BIRTHDAY` varchar(4) DEFAULT NULL,
  `BIRTHYEAR` varchar(4) DEFAULT NULL,
  `AGE` varchar(4) DEFAULT NULL,
  `GENDER` char(1) DEFAULT NULL,
  `POINT` int(11) DEFAULT '0',
  `GRADE` varchar(50) DEFAULT 'silver',
  `STARS` int(11) DEFAULT NULL,
  `PROFILE` varchar(100) DEFAULT 'img/unnamed.png',
  PRIMARY KEY (`ID`),
  KEY `idx1_username` (`USERNAME`),
  KEY `idx2_email` (`EMAIL`),
  KEY `idx3_sns_id` (`SNS_ID`)
) ENGINE=InnoDB AUTO_INCREMENT=106 DEFAULT CHARSET=utf8;
/*!40101 SET character_set_client = @saved_cs_client */;

--
-- Dumping data for table `USERS`
--

LOCK TABLES `USERS` WRITE;
/*!40000 ALTER TABLE `USERS` DISABLE KEYS */;
INSERT INTO `USERS` VALUES (1,NULL,NULL,'길영민','zenith9500@naver.com','','01064272777','닉네임없음','63403539','naver','2020-02-08 00:00:00','2020-05-27 00:00:00','0527',NULL,'3039','M',90,'silver',NULL,'img/unnamed.png'),(2,NULL,NULL,'김두회','lovehsj1004@hotmail.com',NULL,NULL,'닉네임없음','8668580','naver','2020-02-08 00:00:00','2020-02-08 00:00:00','0423',NULL,'3039','M',0,'silver',NULL,'img/unnamed.png'),(3,NULL,NULL,'양난희','rari3811@hanmail.net',NULL,NULL,'닉네임없음','27002220','naver','2020-02-09 00:00:00','2020-02-09 00:00:00','1228',NULL,'3039','F',0,'silver',NULL,'img/unnamed.png'),(4,NULL,NULL,'이예진','273enenfn@naver.com',NULL,NULL,'닉네임없음','91652998','naver','2020-02-09 00:00:00','2020-06-16 00:00:00','1028',NULL,'2029','F',100,'silver',NULL,'img/unnamed.png'),(5,NULL,NULL,'이예진','yejin9989@naver.com','아일랜드','01072979949','닉네임없음','44587000','naver','2020-02-09 00:00:00','2020-06-16 00:00:00','1028',NULL,'2029','F',70,'silver',NULL,'img/KakaoTalk_20200605_171708192.jpg'),(6,NULL,NULL,'tester','tester@test.com',NULL,NULL,'닉네임없음',NULL,NULL,NULL,NULL,'1028',NULL,'2029','F',100,'silver',NULL,'img/unnamed.png'),(7,NULL,NULL,'윤상인','asdx93@hanmail.net',NULL,NULL,'닉네임없음','44048164','naver','2020-02-09 00:00:00','2020-02-09 00:00:00','0428',NULL,'2029','M',0,'silver',NULL,'img/unnamed.png'),(8,NULL,NULL,'정선희','suny7273@hanmail.net',NULL,NULL,'닉네임없음','21419136','naver','2020-02-10 00:00:00','2020-02-10 00:00:00','0324',NULL,'4049','F',0,'silver',NULL,'img/unnamed.png'),(9,NULL,NULL,'조혜경','lovelymaid11@naver.com',NULL,NULL,'닉네임없음','9155251','naver','2020-02-10 00:00:00','2020-02-10 00:00:00','0813',NULL,'3039','F',0,'silver',NULL,'img/unnamed.png'),(10,NULL,NULL,'신재석','sjs2000k@hanmail.net',NULL,NULL,'닉네임없음','10427087','naver','2020-02-10 00:00:00','2020-02-10 00:00:00','0310',NULL,'3039','M',0,'silver',NULL,'img/unnamed.png'),(11,NULL,NULL,'차상화','flfl159@naver.com',NULL,NULL,'닉네임없음','25554559','naver','2020-02-11 00:00:00','2020-02-11 00:00:00','1229',NULL,'2029','F',0,'silver',NULL,'img/unnamed.png'),(12,NULL,NULL,'김혜경','khk2250@naver.com',NULL,NULL,'닉네임없음','31902561','naver','2020-02-11 00:00:00','2020-02-11 00:00:00','1204',NULL,'4049','F',0,'silver',NULL,'img/unnamed.png'),(13,NULL,NULL,'박솔아','orangesola@naver.com',NULL,NULL,'닉네임없음','36978448','naver','2020-02-11 00:00:00','2020-02-11 00:00:00','0906',NULL,'3039','F',0,'silver',NULL,'img/unnamed.png'),(14,NULL,NULL,'한은미','pcpc74@netian.com',NULL,NULL,'닉네임없음','20958055','naver','2020-02-12 00:00:00','2020-02-12 00:00:00','1010',NULL,'4049','F',0,'silver',NULL,'img/unnamed.png'),(15,NULL,NULL,'이소라','yisora1223@hanmail.net',NULL,NULL,'닉네임없음','42802808','naver','2020-02-12 00:00:00','2020-02-12 00:00:00','1223',NULL,'3039','F',0,'silver',NULL,'img/unnamed.png'),(16,NULL,NULL,'김선아','mon0822@jr.naver.com',NULL,NULL,'닉네임없음','8999977','naver','2020-02-13 00:00:00','2020-02-13 00:00:00','0204',NULL,'2029','F',0,'silver',NULL,'img/unnamed.png'),(17,NULL,NULL,'변효정','bhj8851@naver.com',NULL,NULL,'닉네임없음','41460308','naver','2020-02-16 00:00:00','2020-02-16 00:00:00','1019',NULL,'4049','F',0,'silver',NULL,'img/unnamed.png'),(18,NULL,NULL,'박희종','qkrgmlwhd21@naver.com',NULL,NULL,'닉네임없음','40758809','naver','2020-02-16 00:00:00','2020-02-16 00:00:00','0815',NULL,'3039','M',0,'silver',NULL,'img/unnamed.png'),(19,NULL,NULL,'김정은','kje3855@naver.com',NULL,NULL,'닉네임없음','6548865','naver','2020-02-16 00:00:00','2020-02-16 00:00:00','0805',NULL,'3039','F',0,'silver',NULL,'img/unnamed.png'),(20,NULL,NULL,'추성엽','cntjdduq111@jr.naver.com',NULL,NULL,'닉네임없음','4823846','naver','2020-02-18 00:00:00','2020-02-18 00:00:00','0202',NULL,'2029','M',0,'silver',NULL,'img/unnamed.png'),(21,NULL,NULL,'이서윤','dldofks9511@naver.com',NULL,NULL,'닉네임없음','21439204','naver','2020-02-22 00:00:00','2020-02-22 00:00:00','0908',NULL,'4049','F',0,'silver',NULL,'img/unnamed.png'),(22,NULL,NULL,'이애진','qlseo4@naver.com',NULL,NULL,'닉네임없음','38098302','naver','2020-02-23 00:00:00','2020-02-23 00:00:00','0218',NULL,'3039','F',0,'silver',NULL,'img/unnamed.png'),(23,NULL,NULL,'장희선','moou012@naver.com',NULL,NULL,'닉네임없음','92661682','naver','2020-02-25 00:00:00','2020-02-25 00:00:00','0126',NULL,'3039','F',0,'silver',NULL,'img/unnamed.png'),(24,NULL,NULL,'이서하','seo_haaa@naver.com',NULL,NULL,'닉네임없음','160787384','naver','2020-02-25 00:00:00','2020-02-25 00:00:00','1006',NULL,'2029','F',0,'silver',NULL,'img/unnamed.png'),(25,NULL,NULL,'고지선','shkong5088@naver.com',NULL,NULL,'닉네임없음','184103105','naver','2020-02-27 00:00:00','2020-02-27 00:00:00','1226',NULL,'3039','F',0,'silver',NULL,'img/unnamed.png'),(26,NULL,NULL,'서지영','yks1318@hanmail.net',NULL,NULL,'닉네임없음','9230025','naver','2020-02-27 00:00:00','2020-02-27 00:00:00','1107',NULL,'3039','F',0,'silver',NULL,'img/unnamed.png'),(27,NULL,NULL,'허수지','sghur96@naver.com',NULL,NULL,'닉네임없음','100452210','naver','2020-02-28 00:00:00','2020-02-28 00:00:00','1113',NULL,'2029','F',0,'silver',NULL,'img/unnamed.png'),(28,NULL,NULL,'정혜영','donut78@hanmail.net',NULL,NULL,'닉네임없음','17724694','naver','2020-02-29 00:00:00','2020-02-29 00:00:00','0820',NULL,'4049','F',0,'silver',NULL,'img/unnamed.png'),(29,NULL,NULL,'조희은','hee_zion0212@naver.com',NULL,NULL,'닉네임없음','157472709','naver','2020-03-02 00:00:00','2020-03-02 00:00:00','0516',NULL,'2029','F',0,'silver',NULL,'img/unnamed.png'),(30,NULL,NULL,'손진경','arrow5@naver.com',NULL,NULL,'닉네임없음','11099667','naver','2020-03-02 00:00:00','2020-03-02 00:00:00','0417',NULL,'3039','F',0,'silver',NULL,'img/unnamed.png'),(31,NULL,NULL,'길영민','gym9510@sayclub.com','','01064272777','닉네임없음','28439254','naver','2020-03-03 00:00:00','2020-06-05 00:00:00','0527',NULL,'3039','M',0,'silver',NULL,'img/unnamed.png'),(32,NULL,NULL,'김지훈','f1352@Naver.com',NULL,NULL,'닉네임없음','66396759','naver','2020-03-03 00:00:00','2020-03-03 00:00:00','0612',NULL,'3039','M',0,'silver',NULL,'img/unnamed.png'),(33,NULL,NULL,'이수현','oiso4405@hanmail.net',NULL,NULL,'닉네임없음','14102383','naver','2020-03-04 00:00:00','2020-03-04 00:00:00','1226',NULL,'3039','F',0,'silver',NULL,'img/unnamed.png'),(34,NULL,NULL,'최보경','cbg1204@naver.com',NULL,NULL,'닉네임없음','60314507','naver','2020-03-04 00:00:00','2020-03-04 00:00:00','1226',NULL,'1019','F',0,'silver',NULL,'img/unnamed.png'),(35,NULL,NULL,'곽민아','stopstep@naver.com',NULL,NULL,'닉네임없음','48967303','naver','2020-03-05 00:00:00','2020-03-05 00:00:00','0417',NULL,'3039','F',0,'silver',NULL,'img/unnamed.png'),(36,NULL,NULL,'고지선','kkounni@hanmail.net',NULL,NULL,'닉네임없음','4000758','naver','2020-03-07 00:00:00','2020-03-07 00:00:00','1226',NULL,'3039','F',0,'silver',NULL,'img/unnamed.png'),(37,NULL,NULL,'안소희','me0417@hanmail.net',NULL,NULL,'닉네임없음','15886723','naver','2020-03-07 00:00:00','2020-03-07 00:00:00','0520',NULL,'4049','F',0,'silver',NULL,'img/unnamed.png'),(38,NULL,NULL,'주아림','ahrim0403@nate.com',NULL,NULL,'닉네임없음','12370205','naver','2020-03-09 00:00:00','2020-03-09 00:00:00','0403',NULL,'3039','F',0,'silver',NULL,'img/unnamed.png'),(39,NULL,NULL,'정혜란','hr-jung123@hanmail.net',NULL,NULL,'닉네임없음','10613175','naver','2020-03-12 00:00:00','2020-03-12 00:00:00','0123',NULL,'3039','F',0,'silver',NULL,'img/unnamed.png'),(40,NULL,NULL,'김진산','lsohvoeo1@naver.com',NULL,NULL,'닉네임없음','20323373','naver','2020-03-12 00:00:00','2020-03-12 00:00:00','0525',NULL,'3039','M',0,'silver',NULL,'img/unnamed.png'),(41,NULL,NULL,'김범수','ssomssom0904@naver.com',NULL,NULL,'닉네임없음','125889588','naver','2020-03-15 00:00:00','2020-03-15 00:00:00','1128',NULL,'3039','M',0,'silver',NULL,'img/unnamed.png'),(42,NULL,NULL,'이아로','dlkdfh357@naver.com',NULL,NULL,'닉네임없음','12334579','naver','2020-03-15 00:00:00','2020-03-15 00:00:00','0320',NULL,'2029','F',0,'silver',NULL,'img/unnamed.png'),(43,NULL,NULL,'오수연','yy___p@naver.com',NULL,NULL,'닉네임없음','127754117','naver','2020-03-15 00:00:00','2020-03-15 00:00:00','0504',NULL,'3039','F',0,'silver',NULL,'img/unnamed.png'),(44,NULL,NULL,'박민희','valerian_44@yahoo.co.kr',NULL,NULL,'닉네임없음','9605510','naver','2020-03-16 00:00:00','2020-03-16 00:00:00','0304',NULL,'3039','F',0,'silver',NULL,'img/unnamed.png'),(45,NULL,NULL,'이소영','lleell1234@hanmail.net',NULL,NULL,'닉네임없음','12571814','naver','2020-03-16 00:00:00','2020-03-16 00:00:00','0810',NULL,'3039','F',0,'silver',NULL,'img/unnamed.png'),(46,NULL,NULL,'한승윤','tmddbsgks@nate.com',NULL,NULL,'닉네임없음','37777811','naver','2020-03-17 00:00:00','2020-03-17 00:00:00','0614',NULL,'3039','M',0,'silver',NULL,'img/unnamed.png'),(47,NULL,NULL,'김영희','yh8023@nate.com',NULL,NULL,'닉네임없음','7555248','naver','2020-03-18 00:00:00','2020-03-18 00:00:00','1203',NULL,'5059','F',0,'silver',NULL,'img/unnamed.png'),(48,NULL,NULL,'이주연','qhqnffl3@naver.com',NULL,NULL,'닉네임없음','65274706','naver','2020-03-19 00:00:00','2020-03-19 00:00:00','0516',NULL,'4049','F',0,'silver',NULL,'img/unnamed.png'),(49,NULL,NULL,'김승현','starnail1201@naver.com',NULL,NULL,'닉네임없음','56127257','naver','2020-03-20 00:00:00','2020-03-20 00:00:00','1111',NULL,'3039','F',0,'silver',NULL,'img/unnamed.png'),(50,NULL,NULL,'이근정','likeimp@naver.com',NULL,NULL,'닉네임없음','40315126','naver','2020-03-20 00:00:00','2020-03-20 00:00:00','0205',NULL,'4049','F',0,'silver',NULL,'img/unnamed.png'),(51,NULL,NULL,'배수진','ssojin54@never.com',NULL,NULL,'닉네임없음','22102876','naver','2020-03-21 00:00:00','2020-03-21 00:00:00','0929',NULL,'4049','F',0,'silver',NULL,'img/unnamed.png'),(52,NULL,NULL,'송은해','redchang@naver.com',NULL,NULL,'닉네임없음','8733263','naver','2020-03-21 00:00:00','2020-03-21 00:00:00','0114',NULL,'3039','F',0,'silver',NULL,'img/unnamed.png'),(53,NULL,NULL,'하동우','hdw129@naver.com',NULL,NULL,'닉네임없음','1661791','naver','2020-03-21 00:00:00','2020-03-21 00:00:00','0129',NULL,'4049','M',0,'silver',NULL,'img/unnamed.png'),(54,NULL,NULL,'이경혜','ilovei319@nate.com',NULL,NULL,'닉네임없음','48730571','naver','2020-03-22 00:00:00','2020-03-22 00:00:00','0228',NULL,'3039','F',0,'silver',NULL,'img/unnamed.png'),(55,NULL,NULL,'서규원','kmlh0708@naver.com',NULL,NULL,'닉네임없음','184826238','naver','2020-03-23 00:00:00','2020-03-23 00:00:00','0118',NULL,'2029','F',0,'silver',NULL,'img/unnamed.png'),(56,NULL,NULL,'손효진','kongnip@dreamwiz.com',NULL,NULL,'닉네임없음','9517413','naver','2020-03-27 00:00:00','2020-03-27 00:00:00','0215',NULL,'3039','F',0,'silver',NULL,'img/unnamed.png'),(57,NULL,NULL,'정고운','2919love@naver.com',NULL,NULL,'닉네임없음','4625267','naver','2020-03-28 00:00:00','2020-03-28 00:00:00','1016',NULL,'3039','F',0,'silver',NULL,'img/unnamed.png'),(58,NULL,NULL,'김지윤','y9723@hotmail.com',NULL,NULL,'닉네임없음','45362928','naver','2020-03-29 00:00:00','2020-03-29 00:00:00','1206',NULL,'4049','F',0,'silver',NULL,'img/unnamed.png'),(59,NULL,NULL,'박지나','lowell13@naver.com',NULL,NULL,'닉네임없음','87926766','naver','2020-03-31 00:00:00','2020-03-31 00:00:00','1113',NULL,'3039','F',0,'silver',NULL,'img/unnamed.png'),(60,NULL,NULL,'전부원','1124bu@hanmail.net',NULL,NULL,'닉네임없음','21020023','naver','2020-04-01 00:00:00','2020-04-01 00:00:00','1124',NULL,'3039','F',0,'silver',NULL,'img/unnamed.png'),(61,NULL,NULL,'최현희','sksojuco8617@gmail.com',NULL,NULL,'닉네임없음','30443374','naver','2020-04-02 00:00:00','2020-04-02 00:00:00','0617',NULL,'3039','F',0,'silver',NULL,'img/unnamed.png'),(62,NULL,NULL,'이화정','lee10439@nate.com',NULL,NULL,'닉네임없음','4189028','naver','2020-04-06 00:00:00','2020-04-06 00:00:00','0404',NULL,'3039','F',0,'silver',NULL,'img/unnamed.png'),(63,NULL,NULL,'김민지','minji2255@hanmail.net',NULL,NULL,'닉네임없음','27275811','naver','2020-04-08 00:00:00','2020-04-08 00:00:00','0304',NULL,'2029','F',0,'silver',NULL,'img/unnamed.png'),(64,NULL,NULL,'이승아','tmddkcjstk01@naver.com',NULL,NULL,'닉네임없음','60749517','naver','2020-04-13 00:00:00','2020-04-13 00:00:00','1029',NULL,'2029','F',0,'silver',NULL,'img/unnamed.png'),(65,NULL,NULL,'이광희','81cop@hanmail.net',NULL,NULL,'닉네임없음','39742409','naver','2020-04-14 00:00:00','2020-04-14 00:00:00','0201',NULL,'3039','M',0,'silver',NULL,'img/unnamed.png'),(66,NULL,NULL,'천신욱','csu9865@nate.com',NULL,NULL,'닉네임없음','53031401','naver','2020-04-16 00:00:00','2020-04-16 00:00:00','0928',NULL,'3039','M',0,'silver',NULL,'img/unnamed.png'),(67,NULL,NULL,'이슬아','babolove1220@hotmail.com',NULL,NULL,'닉네임없음','15517783','naver','2020-04-20 00:00:00','2020-04-20 00:00:00','1220',NULL,'3039','F',0,'silver',NULL,'img/unnamed.png'),(68,NULL,NULL,'양희경','yaung02@daum.net',NULL,NULL,'닉네임없음','52023671','naver','2020-04-24 00:00:00','2020-04-24 00:00:00','0407',NULL,'4049','F',0,'silver',NULL,'img/unnamed.png'),(69,NULL,NULL,'김동찬','kdcforever@naver.com',NULL,NULL,'닉네임없음','4531759','naver','2020-04-27 00:00:00','2020-04-27 00:00:00','1122',NULL,'4049','M',0,'silver',NULL,'img/unnamed.png'),(70,NULL,NULL,'이유진','youji20129@naver.com',NULL,NULL,'닉네임없음','53880829','naver','2020-04-28 00:00:00','2020-04-28 00:00:00','0815',NULL,'4049','F',0,'silver',NULL,'img/unnamed.png'),(71,NULL,NULL,'김가영','gitu356@naver.com',NULL,NULL,'닉네임없음','5786403','naver','2020-04-30 00:00:00','2020-04-30 00:00:00','1007',NULL,'3039','F',0,'silver',NULL,'img/unnamed.png'),(72,NULL,NULL,'이수진','swisswoman@naver.com',NULL,NULL,'닉네임없음','24021974','naver','2020-05-01 00:00:00','2020-05-01 00:00:00','0922',NULL,'4049','F',0,'silver',NULL,'img/unnamed.png'),(73,NULL,NULL,'김수아','amurosang@netian.com',NULL,NULL,'닉네임없음','46621300','naver','2020-05-02 00:00:00','2020-05-02 00:00:00','0926',NULL,'4049','F',0,'silver',NULL,'img/unnamed.png'),(74,NULL,NULL,'현수진','tvxq931030@naver.com',NULL,NULL,'닉네임없음','16386502','naver','2020-05-03 00:00:00','2020-05-03 00:00:00','1030',NULL,'2029','F',0,'silver',NULL,'img/unnamed.png'),(75,NULL,NULL,'설진경','rjtkd6@naver.com',NULL,NULL,'닉네임없음','29418140','naver','2020-05-06 00:00:00','2020-05-06 00:00:00','0327',NULL,'2029','F',0,'silver',NULL,'img/unnamed.png'),(76,NULL,NULL,'김미선','altjsdlaek@naver.com',NULL,NULL,'닉네임없음','44548550','naver','2020-05-07 00:00:00','2020-05-07 00:00:00','0105',NULL,'2029','F',0,'silver',NULL,'img/unnamed.png'),(77,NULL,NULL,'김슬기샘','wnfehr@naver.com',NULL,NULL,'닉네임없음','9722185','naver','2020-05-07 00:00:00','2020-05-07 00:00:00','0220',NULL,'3039','F',0,'silver',NULL,'img/unnamed.png'),(78,NULL,NULL,'임현정','0mmmg0@naver.com',NULL,NULL,'닉네임없음','68266418','naver','2020-05-07 00:00:00','2020-05-07 00:00:00','0709',NULL,'4049','F',0,'silver',NULL,'img/unnamed.png'),(79,NULL,NULL,'김현아','panda7447@naver.com',NULL,NULL,'닉네임없음','8028659','naver','2020-05-10 00:00:00','2020-05-10 00:00:00','0513',NULL,'3039','F',0,'silver',NULL,'img/unnamed.png'),(80,NULL,NULL,'이소영','syischeri@lycos.co.kr',NULL,NULL,'닉네임없음','39128985','naver','2020-05-11 00:00:00','2020-05-11 00:00:00','0817',NULL,'3039','F',0,'silver',NULL,'img/unnamed.png'),(81,NULL,NULL,'오승아','dhtmddk88@naver.com',NULL,NULL,'닉네임없음','65776851','naver','2020-05-12 00:00:00','2020-05-12 00:00:00','1219',NULL,'3039','F',0,'silver',NULL,'img/unnamed.png'),(82,NULL,NULL,'정연설','jys11s@naver.com',NULL,NULL,'닉네임없음','45398948','naver','2020-05-12 00:00:00','2020-05-12 00:00:00','0525',NULL,'3039','F',0,'silver',NULL,'img/unnamed.png'),(83,NULL,NULL,'차유일','annabelley@naver.com',NULL,NULL,'닉네임없음','58711966','naver','2020-05-14 00:00:00','2020-05-14 00:00:00','0514',NULL,'5059','F',0,'silver',NULL,'img/unnamed.png'),(84,NULL,NULL,'진향선','hyang6838@naver.com',NULL,NULL,'닉네임없음','65340657','naver','2020-05-14 00:00:00','2020-05-14 00:00:00','0217',NULL,'3039','F',0,'silver',NULL,'img/unnamed.png'),(85,NULL,NULL,'최지은','jymmom25@naver.com',NULL,NULL,'닉네임없음','72720188','naver','2020-05-14 00:00:00','2020-05-14 00:00:00','0715',NULL,'4049','F',0,'silver',NULL,'img/unnamed.png'),(86,NULL,NULL,'김순열','everusia@naver.com',NULL,NULL,'닉네임없음','23755584','naver','2020-05-17 00:00:00','2020-05-17 00:00:00','0306',NULL,'5059','F',0,'silver',NULL,'img/unnamed.png'),(87,NULL,NULL,'김보미','kl1208@naver.com',NULL,NULL,'닉네임없음','5848277','naver','2020-05-18 00:00:00','2020-05-18 00:00:00','1208',NULL,'3039','F',0,'silver',NULL,'img/unnamed.png'),(88,NULL,NULL,'김유나','love__una@hanmail.net',NULL,NULL,'닉네임없음','32482098','naver','2020-05-18 00:00:00','2020-05-18 00:00:00','0528',NULL,'3039','F',0,'silver',NULL,'img/unnamed.png'),(89,NULL,NULL,'장효정','5111k@naver.com',NULL,NULL,'닉네임없음','78997177','naver','2020-05-18 00:00:00','2020-05-18 00:00:00','0109',NULL,'2029','F',0,'silver',NULL,'img/unnamed.png'),(90,NULL,NULL,'신수현','lala6891@sayclub.com',NULL,NULL,'닉네임없음','42422663','naver','2020-05-22 00:00:00','2020-05-22 00:00:00','0726',NULL,'2029','F',0,'silver',NULL,'img/unnamed.png'),(91,NULL,NULL,'김배년','baenyun@hanmail.net',NULL,NULL,'닉네임없음','24369526','naver','2020-05-24 00:00:00','2020-05-24 00:00:00','1023',NULL,'4049','M',0,'silver',NULL,'img/unnamed.png'),(92,NULL,NULL,'김정호','79kimkun@naver.com',NULL,NULL,'닉네임없음','36253434','naver','2020-05-24 00:00:00','2020-05-24 00:00:00','0504',NULL,'4049','M',0,'silver',NULL,'img/unnamed.png'),(93,NULL,NULL,'서보경','dearsbg@naver.com',NULL,NULL,'닉네임없음','86797949','naver','2020-05-25 00:00:00','2020-05-25 00:00:00','1103',NULL,'3039','F',0,'silver',NULL,'img/unnamed.png'),(94,NULL,NULL,'오영하','oyhkiki@naver.com',NULL,NULL,'닉네임없음','6776840','naver','2020-05-25 00:00:00','2020-05-25 00:00:00','0307',NULL,'4049','F',0,'silver',NULL,'img/unnamed.png'),(95,NULL,NULL,'김지민','jimin0732@hanmail.net',NULL,NULL,'닉네임없음','38088363','naver','2020-05-27 00:00:00','2020-05-27 00:00:00','0405',NULL,'3039','F',0,'silver',NULL,'img/unnamed.png'),(96,NULL,NULL,'홍지원','hjwghd12@naver.com',NULL,NULL,'닉네임없음','77288516','naver','2020-05-29 00:00:00','2020-05-29 00:00:00','0630',NULL,'2029','M',0,'silver',NULL,'img/unnamed.png'),(97,NULL,NULL,'최시솔','sisiol@naver.com',NULL,NULL,'닉네임없음','172966762','naver','2020-05-29 00:00:00','2020-05-29 00:00:00','0103',NULL,'1019','F',0,'silver',NULL,'img/unnamed.png'),(98,NULL,NULL,'김민기','qnfntm2000@nate.com',NULL,NULL,'닉네임없음','19899847','naver','2020-05-30 00:00:00','2020-05-30 00:00:00','1120',NULL,'3039','M',0,'silver',NULL,'img/unnamed.png'),(99,NULL,NULL,'홍다영','hongda0707@naver.com',NULL,NULL,'닉네임없음','98428299','naver','2020-05-31 00:00:00','2020-05-31 00:00:00','0707',NULL,'2029','F',0,'silver',NULL,'img/unnamed.png'),(100,NULL,NULL,NULL,NULL,NULL,NULL,'닉네임없음',NULL,NULL,NULL,NULL,NULL,NULL,NULL,NULL,100,'silver',NULL,'img/unnamed.png'),(101,NULL,NULL,'한경옥','hko2241@hanmail.net',NULL,NULL,'닉네임없음','35924703','naver','2020-06-10 00:00:00','2020-06-10 00:00:00','0219',NULL,'3039','F',0,'silver',NULL,NULL),(102,NULL,NULL,'정세이','onlyssay@naver.com',NULL,NULL,'닉네임없음','8753018','naver','2020-06-13 00:00:00','2020-06-13 00:00:00','0821',NULL,'4049','F',0,'silver',NULL,NULL),(103,NULL,NULL,'강정민','dan0193@hanmir.com',NULL,NULL,NULL,'15934568','naver','2020-06-15 00:00:00','2020-06-15 00:00:00','1013',NULL,'5059','F',0,'silver',NULL,NULL),(104,NULL,NULL,'김희숙','evelove01@hanmail.net',NULL,NULL,NULL,'14938948','naver','2020-06-16 00:00:00','2020-06-16 00:00:00','0305',NULL,'3039','F',0,'silver',NULL,NULL),(105,NULL,NULL,'이효성','hstoki00@hanmail.net',NULL,NULL,NULL,'11486400','naver','2020-06-16 00:00:00','2020-06-16 00:00:00','1210',NULL,'3039','F',0,'silver',NULL,NULL);
/*!40000 ALTER TABLE `USERS` ENABLE KEYS */;
UNLOCK TABLES;

--
-- Table structure for table `USER_HASH`
--

DROP TABLE IF EXISTS `USER_HASH`;
/*!40101 SET @saved_cs_client     = @@character_set_client */;
/*!40101 SET character_set_client = utf8 */;
CREATE TABLE `USER_HASH` (
  `ID` int(11) NOT NULL,
  `SALT` varchar(50) DEFAULT NULL,
  PRIMARY KEY (`ID`),
  CONSTRAINT `ID` FOREIGN KEY (`ID`) REFERENCES `USERS` (`ID`) ON DELETE CASCADE ON UPDATE CASCADE,
  CONSTRAINT `USER_HASH_ibfk_1` FOREIGN KEY (`ID`) REFERENCES `USERS` (`ID`) ON UPDATE CASCADE
) ENGINE=InnoDB DEFAULT CHARSET=utf8;
/*!40101 SET character_set_client = @saved_cs_client */;

--
-- Dumping data for table `USER_HASH`
--

LOCK TABLES `USER_HASH` WRITE;
/*!40000 ALTER TABLE `USER_HASH` DISABLE KEYS */;
/*!40000 ALTER TABLE `USER_HASH` ENABLE KEYS */;
UNLOCK TABLES;
/*!40103 SET TIME_ZONE=@OLD_TIME_ZONE */;

/*!40101 SET SQL_MODE=@OLD_SQL_MODE */;
/*!40014 SET FOREIGN_KEY_CHECKS=@OLD_FOREIGN_KEY_CHECKS */;
/*!40014 SET UNIQUE_CHECKS=@OLD_UNIQUE_CHECKS */;
/*!40101 SET CHARACTER_SET_CLIENT=@OLD_CHARACTER_SET_CLIENT */;
/*!40101 SET CHARACTER_SET_RESULTS=@OLD_CHARACTER_SET_RESULTS */;
/*!40101 SET COLLATION_CONNECTION=@OLD_COLLATION_CONNECTION */;
/*!40111 SET SQL_NOTES=@OLD_SQL_NOTES */;

-- Dump completed on 2020-06-23 16:27:39
